OK|adcanto|adcanto|OK|accanto|accanto
OK|adcelero|adcelero|OK|accelero|accelero
Isol|adcenseo|adcenseo|OK|accenseo|accenseo
OK|adclamatio|adclamatio|OK|acclamatio|acclamatio
OK|adclamo|adclamo|OK|acclamo|acclamo
OK|adclaro|adclaro|OK|acclaro|acclaro
Isol|adclinis|adclinis|OK|acclinis|acclinis
Isol|adclino|adclino|OK|acclino|acclino
OK|adclivis|adclivis|OK|acclivis|acclivis
Isol|adclivitas|adclivitas|OK|acclivitas|acclivitas
OK|adcognosco|adcognosco|OK|accognosco|accognosco
OK|adcolo|adcolo|OK|accolo|accolo
Isol|adcommodate|adcommodate|OK|accommodate|accommodate
Isol|adcommodatio|adcommodatio|OK|accommodatio|accommodatio
Isol|adcommodatus|adcommodatus|OK|accommodatus|accommodatus
OK|adcommodo|adcommodo|OK|accommodo|accommodo
OK|adcommodus|adcommodus|OK|accommodus|accommodus
OK|adcongero|adcongero|OK|accongero|accongero
Isol|adcorporo|adcorporo|OK|accorporo|accorporo
OK|adcredo|adcredo|OK|accredo|accredo
OK|adcresco|adcresco|OK|accresco|accresco
OK|adcretio|adcretio|OK|accretio|accretio
Isol|adcretus|adcretus|OK|accretus|accretus
OK|adcubo|adcubo|OK|accubo|accubo
OK|adcumbo|adcumbo|OK|accumbo|accumbo
Isol|adcumulate|adcumulate|OK|accumulate|accumulate
Isol|adcumulatio|adcumulatio|OK|accumulatio|accumulatio
OK|adcumulator|adcumulator|OK|accumulator|accumulator
Isol|adcumulo|adcumulo|OK|accumulo|accumulo
OK|adcuro|adcuro|OK|accuro|accuro
Isol|adcurro|adcurro|OK|accurro|accurro
Isol|adcursus|adcursus|OK|accursus|accursus
OK|adquiesco|adquiesco|OK|acquiesco|acquiesco
OK|adquiro|adquiro|OK|acquiro|acquiro
OK|adquisitio|adquisitio|OK|acquisitio|acquisitio
OK|affaber|affaber|OK|adfaber|adfaber
OK|affabilis|affabilis|OK|adfabilis|adfabilis
OK|affabilitas|affabilitas|OK|adfabilitas|adfabilitas
OK|affabiliter|affabiliter|OK|adfabiliter|adfabiliter
OK|affabre|affabre|OK|adfabre|adfabre
OK|affabricatus|affabricatus|OK|adfabricatus|adfabricatus
Isol|affabulatio|affabulatio|OK|adfabulatio|adfabulatio
OK|affamen|affamen|OK|adfamen|adfamen
Isol|affaniae|affaniae|Isol|adfaniae|adfaniae
OK|affatim|affatim|OK|adfatim|adfatim
Isol|affatio|affatio|OK|adfatio|adfatio
OK|affatus|affatus|Mult|adfatus|adfatus
Isol|affaveo|affaveo|OK|adfaveo|adfaveo
Isol|affectate|affectate|OK|adfectate|adfectate
Isol|affectaticius|affectaticius|OK|adfectaticius|adfectaticius
OK|affectatio|affectatio|OK|adfectatio|adfectatio
Isol|affectato|affectato|OK|adfectato|adfectato
OK|affectator|affectator|OK|adfectator|adfectator
OK|affectatrix|affectatrix|OK|adfectatrix|adfectatrix
Isol|affectatus|affectatus|OK|adfectatus|adfectatus
OK|affecte|affecte|OK|adfecte|adfecte
OK|affectio|affectio|OK|adfectio|adfectio
Isol|affectionalis|affectionalis|OK|adfectionalis|adfectionalis
OK|affectiosus|affectiosus|OK|adfectiosus|adfectiosus
Isol|affectivus|affectivus|OK|adfectivus|adfectivus
OK|affecto|affecto|OK|adfecto|adfecto
OK|affector|affector|OK|adfector|adfector
Isol|affectuose|affectuose|OK|adfectuose|adfectuose
OK|affectuosus|affectuosus|OK|adfectuosus|adfectuosus
Mult|affectus|affectus|Mult|adfectus|adfectus
Isol|afferenda|afferenda|Isol|adferenda|adferenda
OK|affero|affero|OK|adfero|adfero
Isol|affestino|affestino|OK|adfestino|adfestino
OK|afficio|afficio|OK|adficio|adficio
OK|afficticius|afficticius|OK|adficticius|adficticius
Isol|affictio|affictio|OK|adfictio|adfictio
Isol|affictitius|affictitius|Isol|adfictitius|adfictitius
Isol|affictus|affictus|OK|adfictus|adfictus
OK|affigo|affigo|OK|adfigo|adfigo
OK|affiguro|affiguro|OK|adfiguro|adfiguro
Isol|affiliatio|affiliatio|Isol|adfiliatio|adfiliatio
OK|affingo|affingo|OK|adfingo|adfingo
OK|affinis|affinis|Mult|adfinis|adfinis
OK|affinitas|affinitas|OK|adfinitas|adfinitas
Isol|affirmanter|affirmanter|OK|adfirmanter|adfirmanter
OK|affirmate|affirmate|OK|adfirmate|adfirmate
OK|affirmatio|affirmatio|OK|adfirmatio|adfirmatio
Isol|affirmative|affirmative|OK|adfirmative|adfirmative
OK|affirmativus|affirmativus|OK|adfirmativus|adfirmativus
OK|affirmator|affirmator|OK|adfirmator|adfirmator
OK|affirmo|affirmo|OK|adfirmo|adfirmo
OK|affixio|affixio|OK|adfixio|adfixio
OK|affixus|affixus|OK|adfixus|adfixus
OK|afflagrans|afflagrans|OK|adflagrans|adflagrans
Isol|afflamen|afflamen|OK|adflamen|adflamen
OK|afflator|afflator|OK|adflator|adflator
Isol|afflatorius|afflatorius|OK|adflatorius|adflatorius
Mult|afflatus|afflatus|Mult|adflatus|adflatus
OK|afflecto|afflecto|OK|adflecto|adflecto
OK|affleo|affleo|OK|adfleo|adfleo
OK|afflictatio|afflictatio|OK|adflictatio|adflictatio
OK|afflictator|afflictator|OK|adflictator|adflictator
Isol|afflictim|afflictim|OK|adflictim|adflictim
OK|afflictio|afflictio|OK|adflictio|adflictio
OK|afflicto|afflicto|OK|adflicto|adflicto
OK|afflictor|afflictor|OK|adflictor|adflictor
Isol|afflictrix|afflictrix|OK|adflictrix|adflictrix
Mult|afflictus|afflictus|Mult|adflictus|adflictus
OK|affligo|affligo|OK|adfligo|adfligo
OK|afflo|afflo|OK|adflo|adflo
OK|affluens|affluens|OK|adfluens|adfluens
Isol|affluente|affluente|Isol|adfluente|adfluente
OK|affluenter|affluenter|OK|adfluenter|adfluenter
OK|affluentia|affluentia|OK|adfluentia|adfluentia
Isol|affluitas|affluitas|OK|adfluitas|adfluitas
OK|affluo|affluo|OK|adfluo|adfluo
OK|affluus|affluus|OK|adfluus|adfluus
Isol|affluxio|affluxio|OK|adfluxio|adfluxio
OK|affodio|affodio|OK|adfodio|adfodio
OK|affor|affor|OK|adfor|adfor
Isol|affore|affore|OK|adfore|adfore
Isol|afforem|afforem|Isol|adforem|adforem
OK|afformido|afformido|OK|adformido|adformido
OK|affrango|affrango|OK|adfrango|adfrango
OK|affremo|affremo|OK|adfremo|adfremo
OK|affricatio|affricatio|OK|adfricatio|adfricatio
OK|affrico|affrico|OK|adfrico|adfrico
OK|affrictus|affrictus|OK|adfrictus|adfrictus
OK|affringo|affringo|OK|adfringo|adfringo
OK|affrio|affrio|OK|adfrio|adfrio
OK|affulgeo|affulgeo|OK|adfulgeo|adfulgeo
OK|affundo|affundo|OK|adfundo|adfundo
Isol|affurcillo|affurcillo|OK|adfurcillo|adfurcillo
Isol|affusio|affusio|OK|adfusio|adfusio
OK|aggar|aggar|Isol|adgar|adgar
OK|aggarrio|aggarrio|OK|adgarrio|adgarrio
OK|aggaudeo|aggaudeo|OK|adgaudeo|adgaudeo
OK|aggemo|aggemo|OK|adgemo|adgemo
OK|aggenero|aggenero|OK|adgenero|adgenero
OK|aggeniculatio|aggeniculatio|OK|adgeniculatio|adgeniculatio
OK|aggeniculor|aggeniculor|OK|adgeniculor|adgeniculor
OK|aggeratio|aggeratio|Isol|adgeratio|adgeratio
Mult|aggero|aggero|Mult|adgero|adgero
Isol|aggestim|aggestim|OK|adgestim|adgestim
OK|aggestio|aggestio|OK|adgestio|adgestio
Isol|aggestum|aggestum|OK|adgestum|adgestum
Mult|aggestus|aggestus|Mult|adgestus|adgestus
OK|agglomero|agglomero|OK|adglomero|adglomero
Isol|agglutinatio|agglutinatio|OK|adglutinatio|adglutinatio
OK|agglutino|agglutino|OK|adglutino|adglutino
OK|aggravatio|aggravatio|OK|adgravatio|adgravatio
OK|aggravesco|aggravesco|OK|adgravesco|adgravesco
OK|aggravo|aggravo|OK|adgravo|adgravo
OK|aggredio|aggredio|OK|adgredio|adgredio
OK|aggredior|aggredior|OK|adgredior|adgredior
Isol|aggregatio|aggregatio|OK|adgregatio|adgregatio
OK|aggrego|aggrego|OK|adgrego|adgrego
OK|aggressio|aggressio|OK|adgressio|adgressio
OK|aggressor|aggressor|OK|adgressor|adgressor
OK|aggressura|aggressura|OK|adgressura|adgressura
Mult|aggressus|aggressus|Mult|adgressus|adgressus
OK|agguberno|agguberno|OK|adguberno|adguberno
Isol|allabo|allabo|OK|adlabo|adlabo
OK|allabor|allabor|OK|adlabor|adlabor
OK|allaboro|allaboro|OK|adlaboro|adlaboro
OK|allacrimans|allacrimans|OK|adlacrimans|adlacrimans
Isol|allacrimo|allacrimo|OK|adlacrimo|adlacrimo
OK|allacto|allacto|OK|adlacto|adlacto
OK|allambo|allambo|OK|adlambo|adlambo
Mult|allapsus|allapsus|Mult|adlapsus|adlapsus
OK|allatro|allatro|OK|adlatro|adlatro
OK|allatus|allatus|OK|adlatus|adlatus
OK|allaudabilis|allaudabilis|OK|adlaudabilis|adlaudabilis
OK|allaudo|allaudo|OK|adlaudo|adlaudo
OK|allectatio|allectatio|OK|adlectatio|adlectatio
OK|allectio|allectio|OK|adlectio|adlectio
Mult|allecto|allecto|OK|adlecto|adlecto
Mult|allector|allector|OK|adlector|adlector
Isol|allectorius|allectorius|OK|adlectorius|adlectorius
OK|allectura|allectura|OK|adlectura|adlectura
Mult|allectus|allectus|Mult|adlectus|adlectus
Isol|allegati|allegati|Isol|adlegati|adlegati
OK|allegatio|allegatio|OK|adlegatio|adlegatio
OK|allegatus|allegatus|Mult|adlegatus|adlegatus
Mult|allego|allego|Mult|adlego|adlego
OK|allenimentum|allenimentum|Isol|adlenimentum|adlenimentum
OK|allevamentum|allevamentum|OK|adlevamentum|adlevamentum
Isol|allevaticius|allevaticius|OK|adlevaticius|adlevaticius
OK|allevatio|allevatio|OK|adlevatio|adlevatio
OK|allevator|allevator|OK|adlevator|adlevator
Isol|allevatus|allevatus|OK|adlevatus|adlevatus
OK|allevio|allevio|OK|adlevio|adlevio
Mult|allevo|allevo|Mult|adlevo|adlevo
Isol|allexi|allexi|OK|adlexi|adlexi
OK|allicefacio|allicefacio|OK|adlicefacio|adlicefacio
OK|allicio|allicio|OK|adlicio|adlicio
OK|allido|allido|OK|adlido|adlido
Isol|alligamen|alligamen|OK|adligamen|adligamen
OK|alligamentum|alligamentum|OK|adligamentum|adligamentum
Isol|alligati|alligati|Isol|adligati|adligati
OK|alligatio|alligatio|OK|adligatio|adligatio
OK|alligator|alligator|OK|adligator|adligator
OK|alligatura|alligatura|OK|adligatura|adligatura
OK|alligo|alligo|OK|adligo|adligo
Isol|allinio|allinio|OK|adlinio|adlinio
OK|allino|allino|OK|adlino|adlino
OK|allisio|allisio|OK|adlisio|adlisio
Isol|allisus|allisus|OK|adlisus|adlisus
OK|allivescit|allivescit|OK|adlivescit|adlivescit
OK|allocutio|allocutio|OK|adlocutio|adlocutio
Isol|allocutivus|allocutivus|OK|adlocutivus|adlocutivus
Isol|allocutor|allocutor|OK|adlocutor|adlocutor
Isol|allocutus|allocutus|OK|adlocutus|adlocutus
OK|alloquium|alloquium|OK|adloquium|adloquium
OK|alloquor|alloquor|OK|adloquor|adloquor
OK|allubentia|allubentia|OK|adlubentia|adlubentia
OK|allubesco|allubesco|OK|adlubesco|adlubesco
OK|alluceo|alluceo|OK|adluceo|adluceo
Isol|alluctamentum|alluctamentum|OK|adluctamentum|adluctamentum
OK|alluctor|alluctor|OK|adluctor|adluctor
OK|alludio|alludio|OK|adludio|adludio
OK|alludo|alludo|OK|adludo|adludo
OK|alluo|alluo|OK|adluo|adluo
OK|allusio|allusio|OK|adlusio|adlusio
OK|alluvies|alluvies|OK|adluvies|adluvies
OK|alluvio|alluvio|OK|adluvio|adluvio
OK|alluvius|alluvius|OK|adluvius|adluvius
OK|appango|appango|Isol|adpango|adpango
OK|apparamentum|apparamentum|OK|adparamentum|adparamentum
OK|apparate|apparate|OK|adparate|adparate
OK|apparatio|apparatio|OK|adparatio|adparatio
OK|apparator|apparator|OK|adparator|adparator
OK|apparatrix|apparatrix|OK|adparatrix|adparatrix
Mult|apparatus|apparatus|Mult|adparatus|adparatus
OK|apparenter|apparenter|Isol|adparenter|adparenter
OK|apparentia|apparentia|Isol|adparentia|adparentia
OK|appareo|appareo|OK|adpareo|adpareo
OK|apparesco|apparesco|OK|adparesco|adparesco
OK|appario|appario|OK|adpario|adpario
OK|apparitio|apparitio|OK|adparitio|adparitio
OK|apparitor|apparitor|OK|adparitor|adparitor
OK|apparitura|apparitura|OK|adparitura|adparitura
OK|apparo|apparo|OK|adparo|adparo
OK|appectoro|appectoro|Isol|adpectoro|adpectoro
Mult|appello|appello|Mult|adpello|adpello
OK|appendeo|appendeo|Isol|adpendeo|adpendeo
OK|appendix|appendix|OK|adpendix|adpendix
OK|appendo|appendo|OK|adpendo|adpendo
OK|appensor|appensor|OK|adpensor|adpensor
OK|appensus|appensus|Isol|adpensus|adpensus
OK|appertineo|appertineo|Mult|adpertineo|adpertineo
OK|appetens|appetens|OK|adpetens|adpetens
OK|appetenter|appetenter|OK|adpetenter|adpetenter
OK|appetentia|appetentia|OK|adpetentia|adpetentia
OK|appetibilis|appetibilis|Isol|adpetibilis|adpetibilis
OK|appetisso|appetisso|OK|adpetisso|adpetisso
OK|appetitio|appetitio|OK|adpetitio|adpetitio
OK|appetitor|appetitor|OK|adpetitor|adpetitor
OK|appetitorius|appetitorius|Isol|adpetitorius|adpetitorius
Mult|appetitus|appetitus|Mult|adpetitus|adpetitus
Mult|appeto|appeto|Mult|adpeto|adpeto
Isol|appetulantia|appetulantia|Isol|adpetulantia|adpetulantia
Mult|appingo|appingo|OK|adpingo|adpingo
OK|applaudo|applaudo|OK|adplaudo|adplaudo
OK|applausor|applausor|OK|adplausor|adplausor
Mult|applausus|applausus|Isol|adplausus|adplausus
Isol|applex|applex|Isol|adplex|adplex
OK|applicatio|applicatio|OK|adplicatio|adplicatio
Isol|applicaturus|applicaturus|Isol|adplicaturus|adplicaturus
OK|applicatus|applicatus|OK|adplicatus|adplicatus
Isol|appliciturus|appliciturus|Isol|adpliciturus|adpliciturus
OK|applicitus|applicitus|OK|adplicitus|adplicitus
OK|applico|applico|OK|adplico|adplico
OK|applodo|applodo|OK|adplodo|adplodo
OK|apploro|apploro|OK|adploro|adploro
OK|applosus|applosus|Isol|adplosus|adplosus
OK|applumbatus|applumbatus|Isol|adplumbatus|adplumbatus
Isol|applumbo|applumbo|Isol|adplumbo|adplumbo
OK|appono|appono|OK|adpono|adpono
OK|apporrectus|apporrectus|OK|adporrectus|adporrectus
OK|apportatio|apportatio|OK|adportatio|adportatio
OK|apportatus|apportatus|OK|adportatus|adportatus
OK|apporto|apporto|OK|adporto|adporto
OK|apposco|apposco|OK|adposco|adposco
OK|apposite|apposite|Isol|adposite|adposite
OK|appositio|appositio|Isol|adpositio|adpositio
OK|appositum|appositum|Isol|adpositum|adpositum
Mult|appositus|appositus|Mult|adpositus|adpositus
OK|appostulo|appostulo|Mult|adpostulo|adpostulo
OK|appotus|appotus|OK|adpotus|adpotus
OK|apprecor|apprecor|OK|adprecor|adprecor
OK|apprehendo|apprehendo|OK|adprehendo|adprehendo
OK|apprehensibilis|apprehensibilis|OK|adprehensibilis|adprehensibilis
OK|apprehensio|apprehensio|OK|adprehensio|adprehensio
OK|apprenso|apprenso|OK|adprenso|adprenso
OK|appressus|appressus|Isol|adpressus|adpressus
OK|appretio|appretio|OK|adpretio|adpretio
OK|apprime|apprime|OK|adprime|adprime
OK|apprimo|apprimo|OK|adprimo|adprimo
OK|apprimus|apprimus|OK|adprimus|adprimus
OK|approbatio|approbatio|OK|adprobatio|adprobatio
OK|approbator|approbator|OK|adprobator|adprobator
OK|approbatus|approbatus|Isol|adprobatus|adprobatus
OK|approbe|approbe|OK|adprobe|adprobe
OK|approbo|approbo|OK|adprobo|adprobo
OK|approbus|approbus|OK|adprobus|adprobus
OK|appromissor|appromissor|OK|adpromissor|adpromissor
OK|appromitto|appromitto|OK|adpromitto|adpromitto
OK|approno|approno|OK|adprono|adprono
OK|approperatus|approperatus|Isol|adproperatus|adproperatus
OK|appropero|appropero|OK|adpropero|adpropero
OK|appropinquatio|appropinquatio|OK|adpropinquatio|adpropinquatio
OK|appropinquo|appropinquo|OK|adpropinquo|adpropinquo
OK|appropriatio|appropriatio|Isol|adpropriatio|adpropriatio
Mult|approprio|approprio|Isol|adproprio|adproprio
OK|approximo|approximo|OK|adproximo|adproximo
OK|appugno|appugno|OK|adpugno|adpugno
Mult|appuli|appuli|Isol|adpuli|adpuli
Mult|appulsus|appulsus|Mult|adpulsus|adpulsus
OK|appunctus|appunctus|OK|adpunctus|adpunctus
OK|appungo|appungo|OK|adpungo|adpungo
Isol|aps|aps|OK|abs|abs
Isol|apsinthium|apsinthium|OK|absinthium|absinthium
OK|apsis|apsis|OK|absis|absis
OK|apsoros|apsoros|OK|absoros|absoros
Isol|apsumo|apsumo|OK|absumo|absumo
Isol|apsyrtis|apsyrtis|OK|absyrtis|absyrtis
OK|arrado|arrado|OK|adrado|adrado
OK|arrectarius|arrectarius|OK|adrectarius|adrectarius
OK|arrectus|arrectus|OK|adrectus|adrectus
OK|arremigo|arremigo|OK|adremigo|adremigo
OK|arrepo|arrepo|OK|adrepo|adrepo
Isol|arreptans|arreptans|OK|adreptans|adreptans
OK|arrepticius|arrepticius|OK|adrepticius|adrepticius
OK|arreptivus|arreptivus|OK|adreptivus|adreptivus
OK|arreptus|arreptus|Isol|adreptus|adreptus
OK|arria|arria|OK|adria|adria
OK|arrideo|arrideo|OK|adrideo|adrideo
Mult|arrigo|arrigo|Mult|adrigo|adrigo
OK|arripio|arripio|OK|adripio|adripio
OK|arrisio|arrisio|OK|adrisio|adrisio
OK|arrisor|arrisor|OK|adrisor|adrisor
OK|arrodo|arrodo|OK|adrodo|adrodo
OK|arrogans|arrogans|OK|adrogans|adrogans
OK|arroganter|arroganter|OK|adroganter|adroganter
OK|arrogantia|arrogantia|OK|adrogantia|adrogantia
OK|arrogatio|arrogatio|OK|adrogatio|adrogatio
OK|arrogator|arrogator|OK|adrogator|adrogator
OK|arrogatus|arrogatus|OK|adrogatus|adrogatus
OK|arrogo|arrogo|OK|adrogo|adrogo
OK|arroro|arroro|Mult|adroro|adroro
OK|arrosor|arrosor|OK|adrosor|adrosor
OK|arrosus|arrosus|OK|adrosus|adrosus
OK|arrotans|arrotans|OK|adrotans|adrotans
OK|arruo|arruo|OK|adruo|adruo
OK|ascalpo|ascalpo|Isol|adscalpo|adscalpo
OK|ascendens|ascendens|OK|adscendens|adscendens
OK|ascendibilis|ascendibilis|OK|adscendibilis|adscendibilis
OK|ascendo|ascendo|OK|adscendo|adscendo
OK|ascensibilis|ascensibilis|OK|adscensibilis|adscensibilis
OK|ascensio|ascensio|OK|adscensio|adscensio
OK|ascensor|ascensor|Isol|adscensor|adscensor
Mult|ascensus|ascensus|Mult|adscensus|adscensus
Mult|ascio|ascio|OK|adscio|adscio
OK|ascisco|ascisco|OK|adscisco|adscisco
Mult|ascitus|ascitus|Mult|adscitus|adscitus
OK|ascribo|ascribo|OK|adscribo|adscribo
OK|ascripticius|ascripticius|OK|adscripticius|adscripticius
OK|ascriptio|ascriptio|OK|adscriptio|adscriptio
OK|ascriptivus|ascriptivus|OK|adscriptivus|adscriptivus
OK|ascriptor|ascriptor|OK|adscriptor|adscriptor
OK|ascriptus|ascriptus|Isol|adscriptus|adscriptus
Isol|asp|asp|OK|adsp|adsp
Mult|aspargo|aspargo|Isol|adspargo|adspargo
OK|aspectabilis|aspectabilis|OK|adspectabilis|adspectabilis
OK|aspectamen|aspectamen|OK|adspectamen|adspectamen
OK|aspectio|aspectio|OK|adspectio|adspectio
OK|aspecto|aspecto|OK|adspecto|adspecto
Mult|aspectus|aspectus|Mult|adspectus|adspectus
Mult|aspergo|aspergo|Mult|adspergo|adspergo
OK|aspernor|aspernor|OK|adspernor|adspernor
OK|aspersio|aspersio|OK|adspersio|adspersio
Mult|aspersus|aspersus|Mult|adspersus|adspersus
OK|aspicio|aspicio|OK|adspicio|adspicio
OK|aspiramen|aspiramen|OK|adspiramen|adspiramen
OK|aspiramentum|aspiramentum|Isol|adspiramentum|adspiramentum
OK|aspiratio|aspiratio|OK|adspiratio|adspiratio
OK|aspirativus|aspirativus|Isol|adspirativus|adspirativus
OK|aspiratus|aspiratus|OK|adspiratus|adspiratus
OK|aspiro|aspiro|OK|adspiro|adspiro
OK|aspuo|aspuo|OK|adspuo|adspuo
OK|assaluto|assaluto|OK|adsaluto|adsaluto
OK|assecla|assecla|OK|adsecla|adsecla
OK|assectatio|assectatio|OK|adsectatio|adsectatio
OK|assectator|assectator|OK|adsectator|adsectator
OK|assectatus|assectatus|OK|adsectatus|adsectatus
OK|assector|assector|OK|adsector|adsector
OK|assecue|assecue|OK|adsecue|adsecue
Isol|assecula|assecula|OK|adsecula|adsecula
OK|assecutio|assecutio|OK|adsecutio|adsecutio
OK|assecutor|assecutor|OK|adsecutor|adsecutor
OK|assecutus|assecutus|OK|adsecutus|adsecutus
OK|assedo|assedo|OK|adsedo|adsedo
OK|assellatio|assellatio|OK|adsellatio|adsellatio
OK|assellor|assellor|OK|adsellor|adsellor
OK|assenesco|assenesco|OK|adsenesco|adsenesco
OK|assensi|assensi|OK|adsensi|adsensi
OK|assensio|assensio|OK|adsensio|adsensio
OK|assensor|assensor|OK|adsensor|adsensor
Mult|assensus|assensus|Mult|adsensus|adsensus
OK|assentaneus|assentaneus|OK|adsentaneus|adsentaneus
OK|assentatio|assentatio|OK|adsentatio|adsentatio
OK|assentatiuncula|assentatiuncula|OK|adsentatiuncula|adsentatiuncula
OK|assentator|assentator|OK|adsentator|adsentator
OK|assentatorie|assentatorie|OK|adsentatorie|adsentatorie
OK|assentatrix|assentatrix|OK|adsentatrix|adsentatrix
OK|assentiae|assentiae|Isol|adsentiae|adsentiae
OK|assentio|assentio|OK|adsentio|adsentio
OK|assentior|assentior|OK|adsentior|adsentior
OK|assentor|assentor|OK|adsentor|adsentor
Isol|asseque|asseque|Isol|adseque|adseque
OK|assequela|assequela|OK|adsequela|adsequela
OK|assequor|assequor|OK|adsequor|adsequor
Mult|assero|assero|Mult|adsero|adsero
OK|assertio|assertio|OK|adsertio|adsertio
OK|assertor|assertor|OK|adsertor|adsertor
OK|assertorius|assertorius|OK|adsertorius|adsertorius
OK|assertrix|assertrix|OK|adsertrix|adsertrix
OK|assertum|assertum|OK|adsertum|adsertum
OK|assertus|assertus|OK|adsertus|adsertus
OK|asserui|asserui|OK|adserui|adserui
OK|asservatus|asservatus|OK|adservatus|adservatus
OK|asservio|asservio|OK|adservio|adservio
OK|asservo|asservo|OK|adservo|adservo
OK|assessio|assessio|OK|adsessio|adsessio
OK|assessor|assessor|OK|adsessor|adsessor
OK|assessorius|assessorius|OK|adsessorius|adsessorius
OK|assessura|assessura|OK|adsessura|adsessura
Mult|assessus|assessus|Mult|adsessus|adsessus
OK|assestrix|assestrix|OK|adsestrix|adsestrix
OK|asseverans|asseverans|OK|adseverans|adseverans
OK|asseveranter|asseveranter|OK|adseveranter|adseveranter
OK|asseverate|asseverate|OK|adseverate|adseverate
OK|asseveratio|asseveratio|OK|adseveratio|adseveratio
OK|asseverativus|asseverativus|OK|adseverativus|adseverativus
OK|assevero|assevero|OK|adsevero|adsevero
Isol|assevi|assevi|OK|adsevi|adsevi
OK|assibilo|assibilo|OK|adsibilo|adsibilo
OK|assiccesco|assiccesco|OK|adsiccesco|adsiccesco
OK|assicco|assicco|OK|adsicco|adsicco
OK|assidelae|assidelae|OK|adsidelae|adsidelae
OK|assideo|assideo|OK|adsideo|adsideo
OK|assido|assido|OK|adsido|adsido
OK|assidue|assidue|OK|adsidue|adsidue
Isol|assiduissime|assiduissime|Isol|adsiduissime|adsiduissime
OK|assiduitas|assiduitas|OK|adsiduitas|adsiduitas
Mult|assiduo|assiduo|Mult|adsiduo|adsiduo
Mult|assiduus|assiduus|OK|adsiduus|adsiduus
OK|assignatio|assignatio|OK|adsignatio|adsignatio
OK|assignator|assignator|OK|adsignator|adsignator
OK|assignatus|assignatus|OK|adsignatus|adsignatus
OK|assignificatio|assignificatio|OK|adsignificatio|adsignificatio
OK|assignifico|assignifico|OK|adsignifico|adsignifico
OK|assigno|assigno|OK|adsigno|adsigno
OK|assilio|assilio|OK|adsilio|adsilio
Isol|assimilanter|assimilanter|Isol|adsimilanter|adsimilanter
OK|assimilatio|assimilatio|OK|adsimilatio|adsimilatio
OK|assimilatus|assimilatus|OK|adsimilatus|adsimilatus
OK|assimilis|assimilis|OK|adsimilis|adsimilis
OK|assimiliter|assimiliter|OK|adsimiliter|adsimiliter
OK|assimilo|assimilo|OK|adsimilo|adsimilo
OK|assimulanter|assimulanter|OK|adsimulanter|adsimulanter
OK|assimulaticius|assimulaticius|OK|adsimulaticius|adsimulaticius
OK|assimulatio|assimulatio|OK|adsimulatio|adsimulatio
OK|assimulativus|assimulativus|OK|adsimulativus|adsimulativus
OK|assimulator|assimulator|OK|adsimulator|adsimulator
OK|assimulatus|assimulatus|OK|adsimulatus|adsimulatus
OK|assimulo|assimulo|OK|adsimulo|adsimulo
OK|assisto|assisto|OK|adsisto|adsisto
OK|assistrix|assistrix|Isol|adsistrix|adsistrix
OK|assitus|assitus|OK|adsitus|adsitus
OK|associatus|associatus|OK|adsociatus|adsociatus
OK|associetas|associetas|Isol|adsocietas|adsocietas
OK|associo|associo|OK|adsocio|adsocio
OK|associus|associus|OK|adsocius|adsocius
OK|assoleo|assoleo|OK|adsoleo|adsoleo
OK|assolido|assolido|Isol|adsolido|adsolido
OK|assolo|assolo|OK|adsolo|adsolo
OK|assonatio|assonatio|Isol|adsonatio|adsonatio
OK|assono|assono|OK|adsono|adsono
Isol|assonus|assonus|Isol|adsonus|adsonus
Isol|assubrigo|assubrigo|OK|adsubrigo|adsubrigo
OK|assuctus|assuctus|OK|adsuctus|adsuctus
OK|assudasco|assudasco|OK|adsudasco|adsudasco
Isol|assudasso|assudasso|Isol|adsudasso|adsudasso
OK|assudesco|assudesco|OK|adsudesco|adsudesco
Isol|assudo|assudo|OK|adsudo|adsudo
OK|assuefacio|assuefacio|OK|adsuefacio|adsuefacio
Isol|assuefactus|assuefactus|OK|adsuefactus|adsuefactus
OK|assuesco|assuesco|OK|adsuesco|adsuesco
OK|assuetudo|assuetudo|OK|adsuetudo|adsuetudo
OK|assuetus|assuetus|OK|adsuetus|adsuetus
Isol|assuevi|assuevi|OK|adsuevi|adsuevi
OK|assugo|assugo|OK|adsugo|adsugo
OK|assultim|assultim|OK|adsultim|adsultim
OK|assulto|assulto|OK|adsulto|adsulto
OK|assultus|assultus|OK|adsultus|adsultus
Mult|assum|assum|OK|adsum|adsum
OK|assumentum|assumentum|OK|adsumentum|adsumentum
OK|assumo|assumo|OK|adsumo|adsumo
OK|assumptio|assumptio|OK|adsumptio|adsumptio
OK|assumptivus|assumptivus|OK|adsumptivus|adsumptivus
OK|assumptor|assumptor|Isol|adsumptor|adsumptor
OK|assumptrix|assumptrix|Isol|adsumptrix|adsumptrix
Mult|assumptus|assumptus|Mult|adsumptus|adsumptus
OK|assuo|assuo|OK|adsuo|adsuo
OK|assurgo|assurgo|OK|adsurgo|adsurgo
OK|assurrexi|assurrexi|Isol|adsurrexi|adsurrexi
OK|assuspirans|assuspirans|OK|adsuspirans|adsuspirans
OK|assuspiro|assuspiro|OK|adsuspiro|adsuspiro
OK|ast|ast|Isol|adst|adst
OK|asterno|asterno|OK|adsterno|adsterno
OK|astipulatio|astipulatio|OK|adstipulatio|adstipulatio
OK|astipulator|astipulator|OK|adstipulator|adstipulator
OK|astipulatus|astipulatus|OK|adstipulatus|adstipulatus
OK|astipulor|astipulor|OK|adstipulor|adstipulor
OK|astituo|astituo|OK|adstituo|adstituo
OK|asto|asto|OK|adsto|adsto
Isol|astrangulatus|astrangulatus|Isol|adstrangulatus|adstrangulatus
OK|astrangulo|astrangulo|OK|adstrangulo|adstrangulo
OK|astrepo|astrepo|OK|adstrepo|adstrepo
OK|astricte|astricte|OK|adstricte|adstricte
OK|astrictio|astrictio|OK|adstrictio|adstrictio
OK|astrictorius|astrictorius|OK|adstrictorius|adstrictorius
OK|astrictus|astrictus|OK|adstrictus|adstrictus
OK|astridens|astridens|OK|adstridens|adstridens
OK|astrido|astrido|Isol|adstrido|adstrido
OK|astringo|astringo|OK|adstringo|adstringo
OK|astructio|astructio|OK|adstructio|adstructio
OK|astructor|astructor|OK|adstructor|adstructor
OK|astruo|astruo|OK|adstruo|adstruo
OK|astupeo|astupeo|OK|adstupeo|adstupeo
Mult|attactus|attactus|Isol|adtactus|adtactus
OK|attamino|attamino|Isol|adtamino|adtamino
OK|attegro|attegro|OK|adtegro|adtegro
OK|attemperate|attemperate|OK|adtemperate|adtemperate
OK|attempero|attempero|OK|adtempero|adtempero
OK|attempto|attempto|Isol|adtempto|adtempto
OK|attendo|attendo|OK|adtendo|adtendo
OK|attentatio|attentatio|OK|adtentatio|adtentatio
OK|attentatus|attentatus|OK|adtentatus|adtentatus
OK|attente|attente|OK|adtente|adtente
OK|attentio|attentio|OK|adtentio|adtentio
OK|attento|attento|OK|adtento|adtento
Mult|attentus|attentus|Mult|adtentus|adtentus
OK|attenuate|attenuate|OK|adtenuate|adtenuate
OK|attenuatio|attenuatio|OK|adtenuatio|adtenuatio
OK|attenuatus|attenuatus|OK|adtenuatus|adtenuatus
OK|attenuo|attenuo|OK|adtenuo|adtenuo
OK|attermino|attermino|Isol|adtermino|adtermino
OK|attero|attero|OK|adtero|adtero
OK|atterraneus|atterraneus|OK|adterraneus|adterraneus
OK|attertiarius|attertiarius|OK|adtertiarius|adtertiarius
OK|attertiatus|attertiatus|OK|adtertiatus|adtertiatus
Isol|atterui|atterui|Isol|adterui|adterui
OK|attestatio|attestatio|Isol|adtestatio|adtestatio
OK|attestator|attestator|Isol|adtestator|adtestator
Isol|attestatus|attestatus|Isol|adtestatus|adtestatus
OK|attestor|attestor|OK|adtestor|adtestor
OK|attexo|attexo|OK|adtexo|adtexo
OK|attigo|attigo|OK|adtigo|adtigo
OK|attiguus|attiguus|OK|adtiguus|adtiguus
OK|attillo|attillo|OK|adtillo|adtillo
OK|attinae|attinae|OK|adtinae|adtinae
Isol|attinctus|attinctus|Isol|adtinctus|adtinctus
OK|attineo|attineo|OK|adtineo|adtineo
OK|attingo|attingo|OK|adtingo|adtingo
OK|attinguo|attinguo|Isol|adtinguo|adtinguo
OK|attitulatio|attitulatio|Isol|adtitulatio|adtitulatio
OK|attitulo|attitulo|OK|adtitulo|adtitulo
OK|attolero|attolero|OK|adtolero|adtolero
OK|attollentia|attollentia|Isol|adtollentia|adtollentia
OK|attollo|attollo|OK|adtollo|adtollo
Isol|attolo|attolo|Isol|adtolo|adtolo
OK|attondeo|attondeo|OK|adtondeo|adtondeo
OK|attonite|attonite|OK|adtonite|adtonite
Mult|attonitus|attonitus|Mult|adtonitus|adtonitus
OK|attono|attono|OK|adtono|adtono
OK|attonsio|attonsio|Isol|adtonsio|adtonsio
OK|attonsus|attonsus|OK|adtonsus|adtonsus
OK|attorqueo|attorqueo|OK|adtorqueo|adtorqueo
OK|attorreo|attorreo|OK|adtorreo|adtorreo
OK|attractio|attractio|OK|adtractio|adtractio
OK|attractivus|attractivus|OK|adtractivus|adtractivus
Isol|attracto|attracto|Isol|adtracto|adtracto
Mult|attractus|attractus|Mult|adtractus|adtractus
OK|attraho|attraho|OK|adtraho|adtraho
Isol|attrectabilis|attrectabilis|Isol|adtrectabilis|adtrectabilis
OK|attrectatio|attrectatio|OK|adtrectatio|adtrectatio
Isol|attrectator|attrectator|Isol|adtrectator|adtrectator
Mult|attrectatus|attrectatus|Mult|adtrectatus|adtrectatus
OK|attrecto|attrecto|OK|adtrecto|adtrecto
OK|attremo|attremo|OK|adtremo|adtremo
OK|attrepido|attrepido|Isol|adtrepido|adtrepido
Isol|attribulatus|attribulatus|Isol|adtribulatus|adtribulatus
OK|attribuo|attribuo|OK|adtribuo|adtribuo
OK|attributio|attributio|OK|adtributio|adtributio
OK|attributor|attributor|Isol|adtributor|adtributor
OK|attributum|attributum|Isol|adtributum|adtributum
OK|attributus|attributus|OK|adtributus|adtributus
OK|attritio|attritio|Isol|adtritio|adtritio
Mult|attritus|attritus|Mult|adtritus|adtritus
Isol|attrivi|attrivi|OK|adtrivi|adtrivi
OK|attropo|attropo|Isol|adtropo|adtropo
OK|attubernalis|attubernalis|Isol|adtubernalis|adtubernalis
OK|attueor|attueor|Isol|adtueor|adtueor
Isol|attuli|attuli|OK|adtuli|adtuli
OK|attulo|attulo|OK|adtulo|adtulo
OK|attumulo|attumulo|OK|adtumulo|adtumulo
OK|atturatio|atturatio|Isol|adturatio|adturatio
Isol|attusus|attusus|Isol|adtusus|adtusus
Isol|conl|conl|Isol|coll|coll
OK|conlabasco|conlabasco|OK|collabasco|collabasco
OK|conlabefacto|conlabefacto|OK|collabefacto|collabefacto
OK|conlabefio|conlabefio|OK|collabefio|collabefio
OK|conlabello|conlabello|OK|collabello|collabello
OK|conlabor|conlabor|OK|collabor|collabor
Isol|conlaboro|conlaboro|OK|collaboro|collaboro
OK|conlaceratus|conlaceratus|OK|collaceratus|collaceratus
OK|conlacrimatio|conlacrimatio|OK|collacrimatio|collacrimatio
OK|conlacrimo|conlacrimo|OK|collacrimo|collacrimo
Isol|conlacrumo|conlacrumo|Isol|collacrumo|collacrumo
Isol|conlactanea|conlactanea|OK|collactanea|collactanea
OK|conlactaneus|conlactaneus|OK|collactaneus|collactaneus
OK|conlactea|conlactea|OK|collactea|collactea
OK|conlacteus|conlacteus|OK|collacteus|collacteus
OK|conlaetor|conlaetor|OK|collaetor|collaetor
Isol|conlaevo|conlaevo|OK|collaevo|collaevo
OK|conlapsio|conlapsio|OK|collapsio|collapsio
OK|conlapsus|conlapsus|OK|collapsus|collapsus
OK|conlatero|conlatero|OK|collatero|collatero
OK|conlaticius|conlaticius|OK|collaticius|collaticius
OK|conlatio|conlatio|OK|collatio|collatio
OK|conlatitius|conlatitius|Mult|collatitius|collatitius
Isol|conlativum|conlativum|OK|collativum|collativum
OK|conlativus|conlativus|OK|collativus|collativus
OK|conlator|conlator|OK|collator|collator
OK|conlatro|conlatro|OK|collatro|collatro
Mult|conlatus|conlatus|Mult|collatus|collatus
OK|conlaudabilis|conlaudabilis|OK|collaudabilis|collaudabilis
OK|conlaudatio|conlaudatio|OK|collaudatio|collaudatio
OK|conlaudator|conlaudator|OK|collaudator|collaudator
OK|conlaudo|conlaudo|OK|collaudo|collaudo
OK|conlaxo|conlaxo|OK|collaxo|collaxo
OK|conlecta|conlecta|OK|collecta|collecta
OK|conlectaculum|conlectaculum|OK|collectaculum|collectaculum
OK|conlectaneus|conlectaneus|OK|collectaneus|collectaneus
OK|conlectarius|conlectarius|OK|collectarius|collectarius
OK|conlecte|conlecte|Mult|collecte|collecte
OK|conlecticius|conlecticius|OK|collecticius|collecticius
OK|conlectim|conlectim|OK|collectim|collectim
OK|conlectio|conlectio|OK|collectio|collectio
Isol|conlectitius|conlectitius|Mult|collectitius|collectitius
OK|conlectivus|conlectivus|OK|collectivus|collectivus
OK|conlector|conlector|OK|collector|collector
Mult|conlectus|conlectus|Mult|collectus|collectus
OK|conlega|conlega|OK|collega|collega
OK|conlegatarius|conlegatarius|OK|collegatarius|collegatarius
OK|conlegialis|conlegialis|OK|collegialis|collegialis
OK|conlegiarius|conlegiarius|OK|collegiarius|collegiarius
OK|conlegiatus|conlegiatus|OK|collegiatus|collegiatus
OK|conlegium|conlegium|Mult|collegium|collegium
OK|conleprosus|conleprosus|OK|colleprosus|colleprosus
Isol|conlevo|conlevo|OK|collevo|collevo
Isol|conlibeo|conlibeo|OK|collibeo|collibeo
OK|conliberta|conliberta|OK|colliberta|colliberta
OK|conlibertus|conlibertus|OK|collibertus|collibertus
OK|conlibet|conlibet|OK|collibet|collibet
Isol|conlibratio|conlibratio|OK|collibratio|collibratio
OK|conlibro|conlibro|OK|collibro|collibro
OK|conliciae|conliciae|OK|colliciae|colliciae
Isol|conliciares|conliciares|OK|colliciares|colliciares
Isol|conliciaris|conliciaris|OK|colliciaris|colliciaris
OK|conlicio|conlicio|OK|collicio|collicio
OK|conlido|conlido|OK|collido|collido
Isol|conligate|conligate|OK|colligate|colligate
OK|conligatio|conligatio|OK|colligatio|colligatio
Isol|conligatius|conligatius|Isol|colligatius|colligatius
Mult|conligo|conligo|Mult|colligo|colligo
OK|conlimitaneus|conlimitaneus|OK|collimitaneus|collimitaneus
OK|conlimitium|conlimitium|OK|collimitium|collimitium
Isol|conlimito|conlimito|OK|collimito|collimito
Isol|conlimitor|conlimitor|OK|collimitor|collimitor
OK|conlineo|conlineo|OK|collineo|collineo
Isol|conlinio|conlinio|Isol|collinio|collinio
OK|conlino|conlino|OK|collino|collino
OK|conliquefactus|conliquefactus|OK|colliquefactus|colliquefactus
OK|conliquesco|conliquesco|OK|colliquesco|colliquesco
Isol|conliquiae|conliquiae|OK|colliquiae|colliquiae
Isol|conlisio|conlisio|OK|collisio|collisio
Mult|conlisus|conlisus|Mult|collisus|collisus
OK|conlitus|conlitus|OK|collitus|collitus
OK|conlocatio|conlocatio|OK|collocatio|collocatio
Isol|conlocatus|conlocatus|OK|collocatus|collocatus
OK|conloco|conloco|OK|colloco|colloco
OK|conlocupleto|conlocupleto|OK|collocupleto|collocupleto
OK|conlocutio|conlocutio|OK|collocutio|collocutio
OK|conlocutor|conlocutor|OK|collocutor|collocutor
OK|conloquium|conloquium|OK|colloquium|colloquium
OK|conloquor|conloquor|OK|colloquor|colloquor
Isol|conlubet|conlubet|OK|collubet|collubet
OK|conluceo|conluceo|OK|colluceo|colluceo
OK|conluco|conluco|OK|colluco|colluco
Isol|conluctatio|conluctatio|OK|colluctatio|colluctatio
OK|conluctator|conluctator|OK|colluctator|colluctator
Isol|conluctor|conluctor|OK|colluctor|colluctor
OK|conludium|conludium|OK|colludium|colludium
OK|conludo|conludo|OK|colludo|colludo
OK|conlugeo|conlugeo|OK|collugeo|collugeo
OK|conlumino|conlumino|OK|collumino|collumino
OK|conluo|conluo|OK|colluo|colluo
OK|conlurchinatio|conlurchinatio|OK|collurchinatio|collurchinatio
Isol|conlurcinatio|conlurcinatio|OK|collurcinatio|collurcinatio
OK|conlusio|conlusio|OK|collusio|collusio
OK|conlusor|conlusor|OK|collusor|collusor
OK|conlusorie|conlusorie|OK|collusorie|collusorie
OK|conlustro|conlustro|OK|collustro|collustro
OK|conlutio|conlutio|OK|collutio|collutio
Isol|conlutito|conlutito|Isol|collutito|collutito
OK|conlutus|conlutus|OK|collutus|collutus
OK|conluvies|conluvies|Mult|colluvies|colluvies
OK|conluvio|conluvio|OK|colluvio|colluvio
Isol|conluvium|conluvium|OK|colluvium|colluvium
Isol|conmalaxo|conmalaxo|OK|commalaxo|commalaxo
Isol|conmanduco|conmanduco|OK|commanduco|commanduco
Isol|conmeatus|conmeatus|OK|commeatus|commeatus
Isol|conmemini|conmemini|OK|commemini|commemini
Isol|conmemorabilis|conmemorabilis|OK|commemorabilis|commemorabilis
OK|conmemoramentum|conmemoramentum|OK|commemoramentum|commemoramentum
OK|conmemoratio|conmemoratio|OK|commemoratio|commemoratio
Isol|conmemoro|conmemoro|OK|commemoro|commemoro
Isol|conmendo|conmendo|Mult|commendo|commendo
Isol|conmeo|conmeo|OK|commeo|commeo
Isol|conmercium|conmercium|OK|commercium|commercium
Isol|conmercor|conmercor|OK|commercor|commercor
Isol|conmereor|conmereor|OK|commereor|commereor
Isol|conmetior|conmetior|OK|commetior|commetior
Mult|conmeto|conmeto|Mult|commeto|commeto
Isol|conmigro|conmigro|OK|commigro|commigro
Isol|conminiscor|conminiscor|OK|comminiscor|comminiscor
Isol|conmisceo|conmisceo|OK|commisceo|commisceo
OK|conmitigo|conmitigo|OK|commitigo|commitigo
Isol|conmitto|conmitto|OK|committo|committo
OK|conmolenda|conmolenda|OK|commolenda|commolenda
OK|conmolior|conmolior|OK|commolior|commolior
OK|conmonefacio|conmonefacio|OK|commonefacio|commonefacio
Isol|conmoneo|conmoneo|OK|commoneo|commoneo
OK|conmonstro|conmonstro|OK|commonstro|commonstro
OK|conmorior|conmorior|OK|commorior|commorior
OK|conmoror|conmoror|OK|commoror|commoror
Isol|conmoveo|conmoveo|OK|commoveo|commoveo
Isol|conmunico|conmunico|OK|communico|communico
Isol|conmuto|conmuto|OK|commuto|commuto
OK|conpaciscor|conpaciscor|OK|compaciscor|compaciscor
Isol|conpactum|conpactum|OK|compactum|compactum
Isol|conpar|conpar|Mult|compar|compar
Isol|conparatio|conparatio|Mult|comparatio|comparatio
Isol|conparco|conparco|OK|comparco|comparco
OK|conpareo|conpareo|OK|compareo|compareo
Isol|conparo|conparo|Mult|comparo|comparo
Isol|conpedio|conpedio|OK|compedio|compedio
Mult|conpello|conpello|Mult|compello|compello
Isol|conpensatio|conpensatio|OK|compensatio|compensatio
OK|conpenso|conpenso|OK|compenso|compenso
OK|conperior|conperior|OK|comperior|comperior
Isol|conpes|conpes|Mult|compes|compes
Isol|conpeto|conpeto|OK|competo|competo
Isol|conpingo|conpingo|Mult|compingo|compingo
Isol|conplector|conplector|Mult|complector|complector
Isol|conpleo|conpleo|OK|compleo|compleo
OK|conplexio|conplexio|OK|complexio|complexio
OK|conplico|conplico|OK|complico|complico
OK|conploratio|conploratio|OK|comploratio|comploratio
Isol|conploratus|conploratus|Mult|comploratus|comploratus
Isol|conploro|conploro|OK|comploro|comploro
Isol|conplures|conplures|Mult|complures|complures
Isol|conpluriens|conpluriens|OK|compluriens|compluriens
Isol|conplusculi|conplusculi|OK|complusculi|complusculi
OK|conpono|conpono|OK|compono|compono
OK|conportatio|conportatio|OK|comportatio|comportatio
Isol|conporto|conporto|OK|comporto|comporto
Isol|conpos|conpos|OK|compos|compos
Isol|conposite|conposite|OK|composite|composite
Isol|conpositio|conpositio|OK|compositio|compositio
Isol|conpositor|conpositor|OK|compositor|compositor
Isol|conpositum|conpositum|OK|compositum|compositum
Isol|conpotio|conpotio|OK|compotio|compotio
Isol|conpotrix|conpotrix|OK|compotrix|compotrix
OK|conprecor|conprecor|OK|comprecor|comprecor
Isol|conprehendo|conprehendo|OK|comprehendo|comprehendo
Isol|conprehensibilis|conprehensibilis|OK|comprehensibilis|comprehensibilis
Isol|conprehensio|conprehensio|OK|comprehensio|comprehensio
Isol|conprendo|conprendo|OK|comprendo|comprendo
Isol|conpressio|conpressio|OK|compressio|compressio
OK|conpressor|conpressor|OK|compressor|compressor
Isol|conprimo|conprimo|OK|comprimo|comprimo
Isol|conprobo|conprobo|OK|comprobo|comprobo
Isol|conpromitto|conpromitto|OK|compromitto|compromitto
Isol|conpungo|conpungo|OK|compungo|compungo
Isol|conputo|conputo|OK|computo|computo
Isol|conputresco|conputresco|OK|computresco|computresco
OK|corrado|corrado|OK|conrado|conrado
OK|corrasus|corrasus|OK|conrasus|conrasus
OK|corrationalitas|corrationalitas|OK|conrationalitas|conrationalitas
OK|correctio|correctio|OK|conrectio|conrectio
OK|corrector|corrector|Isol|conrector|conrector
OK|correctura|correctura|Isol|conrectura|conrectura
Mult|correctus|correctus|Isol|conrectus|conrectus
OK|correcumbens|correcumbens|Isol|conrecumbens|conrecumbens
Isol|corregione|corregione|Isol|conregione|conregione
OK|corregno|corregno|Isol|conregno|conregno
OK|correpo|correpo|Isol|conrepo|conrepo
OK|correpte|correpte|Isol|conrepte|conrepte
OK|correptio|correptio|Isol|conreptio|conreptio
OK|correptor|correptor|Isol|conreptor|conreptor
OK|correptus|correptus|Isol|conreptus|conreptus
OK|corresupinatus|corresupinatus|Isol|conresupinatus|conresupinatus
OK|corresuscito|corresuscito|Isol|conresuscito|conresuscito
Mult|correus|correus|Isol|conreus|conreus
OK|corrideo|corrideo|OK|conrideo|conrideo
OK|corrigia|corrigia|Isol|conrigia|conrigia
OK|corrigo|corrigo|Isol|conrigo|conrigo
OK|corripio|corripio|Isol|conripio|conripio
OK|corrivalis|corrivalis|Isol|conrivalis|conrivalis
OK|corrivatio|corrivatio|Isol|conrivatio|conrivatio
OK|corrivium|corrivium|Isol|conrivium|conrivium
OK|corrivo|corrivo|Isol|conrivo|conrivo
OK|corroboramentum|corroboramentum|Isol|conroboramentum|conroboramentum
OK|corroboro|corroboro|Isol|conroboro|conroboro
OK|corrodo|corrodo|Isol|conrodo|conrodo
OK|corrogatio|corrogatio|Isol|conrogatio|conrogatio
OK|corrogo|corrogo|OK|conrogo|conrogo
OK|corrosus|corrosus|Isol|conrosus|conrosus
OK|corrotundo|corrotundo|Isol|conrotundo|conrotundo
OK|corruda|corruda|Isol|conruda|conruda
OK|corrudis|corrudis|OK|conrudis|conrudis
OK|corrugis|corrugis|Isol|conrugis|conrugis
OK|corrugo|corrugo|Isol|conrugo|conrugo
OK|corrugus|corrugus|Isol|conrugus|conrugus
OK|corrumpo|corrumpo|Isol|conrumpo|conrumpo
OK|corruo|corruo|Isol|conruo|conruo
OK|corrupte|corrupte|Isol|conrupte|conrupte
OK|corruptela|corruptela|Isol|conruptela|conruptela
OK|corruptibilis|corruptibilis|Isol|conruptibilis|conruptibilis
OK|corruptibilitas|corruptibilitas|Isol|conruptibilitas|conruptibilitas
OK|corruptio|corruptio|Isol|conruptio|conruptio
OK|corruptivus|corruptivus|Isol|conruptivus|conruptivus
OK|corruptor|corruptor|Isol|conruptor|conruptor
OK|corruptorius|corruptorius|Isol|conruptorius|conruptorius
OK|corruptrix|corruptrix|Isol|conruptrix|conruptrix
OK|corruptus|corruptus|Isol|conruptus|conruptus
OK|corruspor|corruspor|Isol|conruspor|conruspor
OK|exsacrifico|exsacrifico|OK|exacrifico|exacrifico
OK|exsaevio|exsaevio|OK|exaevio|exaevio
OK|exsanguinatus|exsanguinatus|OK|exanguinatus|exanguinatus
OK|exsanguis|exsanguis|OK|exanguis|exanguis
OK|exsanio|exsanio|OK|exanio|exanio
OK|exsarcio|exsarcio|OK|exarcio|exarcio
OK|exsatio|exsatio|OK|exatio|exatio
OK|exsaturo|exsaturo|OK|exaturo|exaturo
OK|exscalpo|exscalpo|OK|excalpo|excalpo
Isol|exscensio|exscensio|OK|excensio|excensio
OK|exscidium|exscidium|Mult|excidium|excidium
OK|exscindo|exscindo|OK|excindo|excindo
Isol|exscio|exscio|OK|excio|excio
OK|exscissatus|exscissatus|OK|excissatus|excissatus
OK|exscreabilis|exscreabilis|OK|excreabilis|excreabilis
OK|exscreatio|exscreatio|OK|excreatio|excreatio
OK|exscreatus|exscreatus|OK|excreatus|excreatus
OK|exscreo|exscreo|OK|excreo|excreo
OK|exscribo|exscribo|OK|excribo|excribo
OK|exsculpo|exsculpo|OK|exculpo|exculpo
OK|exseco|exseco|OK|execo|execo
OK|exsecrabilis|exsecrabilis|OK|execrabilis|execrabilis
OK|exsecrabilitas|exsecrabilitas|OK|execrabilitas|execrabilitas
OK|exsecramentum|exsecramentum|OK|execramentum|execramentum
OK|exsecratio|exsecratio|Isol|execratio|execratio
OK|exsecrator|exsecrator|Isol|execrator|execrator
Mult|exsecratus|exsecratus|Isol|execratus|execratus
OK|exsecror|exsecror|OK|execror|execror
OK|exsectio|exsectio|Isol|exectio|exectio
OK|exsector|exsector|Isol|exector|exector
OK|exsectus|exsectus|Isol|exectus|exectus
OK|exsecutio|exsecutio|Isol|executio|executio
OK|exsecutor|exsecutor|Isol|executor|executor
OK|exsecutus|exsecutus|OK|executus|executus
OK|exsensus|exsensus|OK|exensus|exensus
OK|exsequens|exsequens|OK|exequens|exequens
OK|exsequiae|exsequiae|OK|exequiae|exequiae
OK|exsequialis|exsequialis|OK|exequialis|exequialis
OK|exsequior|exsequior|OK|exequior|exequior
OK|exsequor|exsequor|OK|exequor|exequor
Mult|exsercio|exsercio|Mult|exercio|exercio
OK|exsero|exsero|Mult|exero|exero
OK|exserte|exserte|OK|exerte|exerte
OK|exserto|exserto|OK|exerto|exerto
OK|exsertus|exsertus|OK|exertus|exertus
OK|exsibilo|exsibilo|OK|exibilo|exibilo
OK|exsiccatus|exsiccatus|Isol|exiccatus|exiccatus
OK|exsiccesco|exsiccesco|OK|exiccesco|exiccesco
OK|exsicco|exsicco|OK|exicco|exicco
OK|exsico|exsico|OK|exico|exico
OK|exsigno|exsigno|OK|exigno|exigno
OK|exsilica|exsilica|Isol|exilica|exilica
OK|exsilio|exsilio|Mult|exilio|exilio
OK|exsilium|exsilium|OK|exilium|exilium
OK|exsistentia|exsistentia|OK|existentia|existentia
OK|exsistentialis|exsistentialis|OK|existentialis|existentialis
OK|exsistentialitas|exsistentialitas|OK|existentialitas|existentialitas
OK|exsistentialiter|exsistentialiter|Isol|existentialiter|existentialiter
OK|exsisto|exsisto|Mult|existo|existo
OK|exsolesco|exsolesco|Mult|exolesco|exolesco
OK|exsoletus|exsoletus|OK|exoletus|exoletus
OK|exsolo|exsolo|OK|exolo|exolo
Isol|exsolui|exsolui|Isol|exolui|exolui
OK|exsolvo|exsolvo|OK|exolvo|exolvo
OK|exsomnis|exsomnis|OK|exomnis|exomnis
OK|exsono|exsono|Isol|exono|exono
OK|exsorbeo|exsorbeo|OK|exorbeo|exorbeo
OK|exsordesco|exsordesco|OK|exordesco|exordesco
OK|exsors|exsors|Mult|exors|exors
OK|exspatior|exspatior|Mult|expatior|expatior
OK|exspectabilis|exspectabilis|Isol|expectabilis|expectabilis
OK|exspectatio|exspectatio|OK|expectatio|expectatio
OK|exspectator|exspectator|Isol|expectator|expectator
OK|exspectatrix|exspectatrix|Isol|expectatrix|expectatrix
OK|exspectatus|exspectatus|OK|expectatus|expectatus
OK|exspecto|exspecto|Mult|expecto|expecto
OK|exspergo|exspergo|Mult|expergo|expergo
OK|exspersus|exspersus|OK|expersus|expersus
OK|exspes|exspes|Isol|expes|expes
OK|exspiratio|exspiratio|OK|expiratio|expiratio
OK|exspiro|exspiro|Mult|expiro|expiro
OK|exsplendesco|exsplendesco|Mult|explendesco|explendesco
OK|exspoliatio|exspoliatio|OK|expoliatio|expoliatio
OK|exspoliator|exspoliator|Isol|expoliator|expoliator
OK|exspolio|exspolio|Mult|expolio|expolio
OK|exspretus|exspretus|OK|expretus|expretus
OK|exspuitio|exspuitio|OK|expuitio|expuitio
OK|exspumo|exspumo|OK|expumo|expumo
OK|exspuo|exspuo|Mult|expuo|expuo
OK|extantia|extantia|OK|exstantia|exstantia
OK|extasis|extasis|OK|exstasis|exstasis
OK|externatus|externatus|Isol|exsternatus|exsternatus
Mult|externo|externo|OK|exsterno|exsterno
OK|extillo|extillo|OK|exstillo|exstillo
Isol|extimulator|extimulator|OK|exstimulator|exstimulator
Mult|extimulo|extimulo|OK|exstimulo|exstimulo
Isol|extinctio|extinctio|OK|exstinctio|exstinctio
Isol|extinctor|extinctor|OK|exstinctor|exstinctor
Mult|extinctus|extinctus|Mult|exstinctus|exstinctus
Isol|extinguibilis|extinguibilis|OK|exstinguibilis|exstinguibilis
OK|extinguo|extinguo|OK|exstinguo|exstinguo
OK|extirpatio|extirpatio|OK|exstirpatio|exstirpatio
OK|extirpator|extirpator|OK|exstirpator|exstirpator
Isol|extirpatrix|extirpatrix|OK|exstirpatrix|exstirpatrix
OK|extirpo|extirpo|OK|exstirpo|exstirpo
OK|exto|exto|OK|exsto|exsto
Isol|extructio|extructio|OK|exstructio|exstructio
Isol|extructor|extructor|OK|exstructor|exstructor
Isol|extructorius|extructorius|OK|exstructorius|exstructorius
OK|extructus|extructus|OK|exstructus|exstructus
Mult|extruo|extruo|OK|exstruo|exstruo
OK|exuccus|exuccus|OK|exsuccus|exsuccus
OK|exucidus|exucidus|OK|exsucidus|exsucidus
OK|exuco|exuco|OK|exsuco|exsuco
OK|exuctus|exuctus|OK|exsuctus|exsuctus
Isol|exucus|exucus|OK|exsucus|exsucus
OK|exudatio|exudatio|OK|exsudatio|exsudatio
Mult|exudo|exudo|OK|exsudo|exsudo
OK|exufflator|exufflator|OK|exsufflator|exsufflator
OK|exufflo|exufflo|OK|exsufflo|exsufflo
OK|exugeo|exugeo|OK|exsugeo|exsugeo
Mult|exugo|exugo|OK|exsugo|exsugo
OK|exul|exul|OK|exsul|exsul
OK|exularis|exularis|OK|exsularis|exsularis
OK|exulatio|exulatio|OK|exsulatio|exsulatio
OK|exulator|exulator|OK|exsulator|exsulator
OK|exulatus|exulatus|OK|exsulatus|exsulatus
Mult|exulo|exulo|OK|exsulo|exsulo
OK|exulor|exulor|OK|exsulor|exsulor
OK|exultabundus|exultabundus|OK|exsultabundus|exsultabundus
OK|exultans|exultans|OK|exsultans|exsultans
OK|exultanter|exultanter|OK|exsultanter|exsultanter
OK|exultantia|exultantia|OK|exsultantia|exsultantia
OK|exultatio|exultatio|OK|exsultatio|exsultatio
OK|exultativus|exultativus|OK|exsultativus|exsultativus
OK|exultim|exultim|OK|exsultim|exsultim
Mult|exulto|exulto|OK|exsulto|exsulto
Isol|exuper|exuper|OK|exsuper|exsuper
OK|exuperabilis|exuperabilis|OK|exsuperabilis|exsuperabilis
OK|exuperans|exuperans|OK|exsuperans|exsuperans
OK|exuperantia|exuperantia|OK|exsuperantia|exsuperantia
Isol|exuperantius|exuperantius|Isol|exsuperantius|exsuperantius
OK|exuperatio|exuperatio|OK|exsuperatio|exsuperatio
Isol|exuperator|exuperator|OK|exsuperator|exsuperator
OK|exuperatorius|exuperatorius|OK|exsuperatorius|exsuperatorius
OK|exuperius|exuperius|OK|exsuperius|exsuperius
Mult|exupero|exupero|OK|exsupero|exsupero
OK|exurdo|exurdo|OK|exsurdo|exsurdo
Mult|exurgo|exurgo|OK|exsurgo|exsurgo
OK|exuscitatio|exuscitatio|OK|exsuscitatio|exsuscitatio
Mult|exuscito|exuscito|OK|exsuscito|exsuscito
Isol|inbecillis|inbecillis|OK|imbecillis|imbecillis
Isol|inbecillitas|inbecillitas|OK|imbecillitas|imbecillitas
Isol|inbecillus|inbecillus|OK|imbecillus|imbecillus
Isol|inbellia|inbellia|OK|imbellia|imbellia
Isol|inbellis|inbellis|OK|imbellis|imbellis
OK|inberbis|inberbis|OK|imberbis|imberbis
Isol|inbibo|inbibo|OK|imbibo|imbibo
Isol|inbito|inbito|OK|imbito|imbito
Isol|inbonitas|inbonitas|OK|imbonitas|imbonitas
Isol|inbracteo|inbracteo|OK|imbracteo|imbracteo
Isol|inbuo|inbuo|OK|imbuo|imbuo
OK|inlabefactus|inlabefactus|OK|illabefactus|illabefactus
OK|inlabor|inlabor|OK|illabor|illabor
OK|inlaboratus|inlaboratus|OK|illaboratus|illaboratus
OK|inlaboro|inlaboro|OK|illaboro|illaboro
OK|inlacerabilis|inlacerabilis|OK|illacerabilis|illacerabilis
OK|inlacessitus|inlacessitus|OK|illacessitus|illacessitus
OK|inlacrimabilis|inlacrimabilis|OK|illacrimabilis|illacrimabilis
OK|inlacrimo|inlacrimo|OK|illacrimo|illacrimo
OK|inlacrimor|inlacrimor|OK|illacrimor|illacrimor
Isol|inlacrimosus|inlacrimosus|OK|illacrimosus|illacrimosus
Isol|inlaedo|inlaedo|OK|illaedo|illaedo
Isol|inlaesibilis|inlaesibilis|OK|illaesibilis|illaesibilis
OK|inlaesus|inlaesus|OK|illaesus|illaesus
OK|inlaetabilis|inlaetabilis|OK|illaetabilis|illaetabilis
OK|inlamentatus|inlamentatus|OK|illamentatus|illamentatus
Mult|inlapsus|inlapsus|Mult|illapsus|illapsus
Isol|inlaqueatum|inlaqueatum|Isol|illaqueatum|illaqueatum
OK|inlaqueatus|inlaqueatus|OK|illaqueatus|illaqueatus
OK|inlaqueo|inlaqueo|OK|illaqueo|illaqueo
Mult|inlargio|inlargio|OK|illargio|illargio
OK|inlatabilis|inlatabilis|OK|illatabilis|illatabilis
OK|inlatebro|inlatebro|OK|illatebro|illatebro
OK|inlatio|inlatio|OK|illatio|illatio
OK|inlativus|inlativus|OK|illativus|illativus
Isol|inlator|inlator|OK|illator|illator
Isol|inlatrix|inlatrix|OK|illatrix|illatrix
OK|inlatro|inlatro|OK|illatro|illatro
OK|inlatus|inlatus|OK|illatus|illatus
OK|inlaudabilis|inlaudabilis|OK|illaudabilis|illaudabilis
OK|inlaudandus|inlaudandus|OK|illaudandus|illaudandus
OK|inlaudatus|inlaudatus|OK|illaudatus|illaudatus
OK|inlautus|inlautus|OK|illautus|illautus
OK|inlecebra|inlecebra|OK|illecebra|illecebra
OK|inlecebro|inlecebro|OK|illecebro|illecebro
OK|inlecebrosus|inlecebrosus|OK|illecebrosus|illecebrosus
OK|inlectamentum|inlectamentum|OK|illectamentum|illectamentum
OK|inlectatio|inlectatio|OK|illectatio|illectatio
OK|inlectio|inlectio|OK|illectio|illectio
OK|inlecto|inlecto|OK|illecto|illecto
Mult|inlectus|inlectus|Mult|illectus|illectus
Isol|inlegitime|inlegitime|OK|illegitime|illegitime
OK|inlegitimus|inlegitimus|OK|illegitimus|illegitimus
OK|inlepide|inlepide|OK|illepide|illepide
OK|inlepidus|inlepidus|OK|illepidus|illepidus
Isol|inlevi|inlevi|OK|illevi|illevi
Isol|inlevigatus|inlevigatus|OK|illevigatus|illevigatus
Mult|inlex|inlex|Mult|illex|illex
Isol|inlexe|inlexe|OK|illexe|illexe
Isol|inlexi|inlexi|OK|illexi|illexi
OK|inlibabilis|inlibabilis|OK|illibabilis|illibabilis
Isol|inlibate|inlibate|OK|illibate|illibate
Isol|inlibatio|inlibatio|Isol|illibatio|illibatio
OK|inlibatus|inlibatus|OK|illibatus|illibatus
OK|inliberalis|inliberalis|OK|illiberalis|illiberalis
OK|inliberalitas|inliberalitas|OK|illiberalitas|illiberalitas
OK|inliberaliter|inliberaliter|OK|illiberaliter|illiberaliter
Isol|inliberis|inliberis|Mult|illiberis|illiberis
Isol|inlicenter|inlicenter|Isol|illicenter|illicenter
Isol|inlicibilis|inlicibilis|OK|illicibilis|illicibilis
OK|inlicio|inlicio|OK|illicio|illicio
OK|inlicitatio|inlicitatio|OK|illicitatio|illicitatio
OK|inlicitator|inlicitator|OK|illicitator|illicitator
Isol|inlicite|inlicite|OK|illicite|illicite
OK|inlicitus|inlicitus|OK|illicitus|illicitus
OK|inlicium|inlicium|OK|illicium|illicium
Isol|inlico|inlico|OK|illico|illico
OK|inlido|inlido|OK|illido|illido
OK|inligamentum|inligamentum|OK|illigamentum|illigamentum
OK|inligatio|inligatio|OK|illigatio|illigatio
Isol|inligatus|inligatus|OK|illigatus|illigatus
OK|inligo|inligo|OK|illigo|illigo
Isol|inlimatus|inlimatus|OK|illimatus|illimatus
OK|inlimis|inlimis|OK|illimis|illimis
Isol|inlimo|inlimo|OK|illimo|illimo
OK|inlinimentum|inlinimentum|OK|illinimentum|illinimentum
OK|inlinio|inlinio|OK|illinio|illinio
OK|inlino|inlino|OK|illino|illino
OK|inliquefactus|inliquefactus|OK|illiquefactus|illiquefactus
OK|inliquor|inliquor|OK|illiquor|illiquor
Isol|inlisi|inlisi|OK|illisi|illisi
OK|inlisio|inlisio|OK|illisio|illisio
Mult|inlisus|inlisus|Mult|illisus|illisus
Isol|inlitio|inlitio|OK|illitio|illitio
OK|inlitteratus|inlitteratus|OK|illitteratus|illitteratus
Mult|inlitus|inlitus|Mult|illitus|illitus
OK|inlocabilis|inlocabilis|OK|illocabilis|illocabilis
Isol|inlocalis|inlocalis|OK|illocalis|illocalis
Isol|inlocalitas|inlocalitas|OK|illocalitas|illocalitas
Isol|inlocaliter|inlocaliter|OK|illocaliter|illocaliter
OK|inlotus|inlotus|OK|illotus|illotus
Isol|inlubricans|inlubricans|Isol|illubricans|illubricans
OK|inlubrico|inlubrico|OK|illubrico|illubrico
OK|inluceo|inluceo|OK|illuceo|illuceo
OK|inlucesco|inlucesco|OK|illucesco|illucesco
OK|inluctans|inluctans|OK|illuctans|illuctans
Isol|inlucubratus|inlucubratus|OK|illucubratus|illucubratus
Isol|inluculasco|inluculasco|OK|illuculasco|illuculasco
Isol|inludia|inludia|OK|illudia|illudia
Isol|inludio|inludio|OK|illudio|illudio
OK|inludo|inludo|OK|illudo|illudo
Isol|inluminabilis|inluminabilis|OK|illuminabilis|illuminabilis
OK|inluminate|inluminate|OK|illuminate|illuminate
Isol|inluminatio|inluminatio|OK|illuminatio|illuminatio
Isol|inluminator|inluminator|OK|illuminator|illuminator
Isol|inluminatus|inluminatus|OK|illuminatus|illuminatus
OK|inlumino|inlumino|OK|illumino|illumino
OK|inluminus|inluminus|OK|illuminus|illuminus
OK|inlunis|inlunis|OK|illunis|illunis
OK|inlusio|inlusio|OK|illusio|illusio
OK|inlusor|inlusor|OK|illusor|illusor
Isol|inlusorius|inlusorius|OK|illusorius|illusorius
OK|inlustramentum|inlustramentum|OK|illustramentum|illustramentum
OK|inlustratio|inlustratio|OK|illustratio|illustratio
OK|inlustrator|inlustrator|OK|illustrator|illustrator
Mult|inlustratus|inlustratus|Mult|illustratus|illustratus
OK|inlustre|inlustre|Isol|illustre|illustre
OK|inlustris|inlustris|OK|illustris|illustris
Isol|inlustrius|inlustrius|OK|illustrius|illustrius
OK|inlustro|inlustro|OK|illustro|illustro
OK|inlusus|inlusus|OK|illusus|illusus
Isol|inlutibarbus|inlutibarbus|OK|illutibarbus|illutibarbus
OK|inlutilis|inlutilis|OK|illutilis|illutilis
Mult|inlutus|inlutus|OK|illutus|illutus
OK|inluvies|inluvies|OK|illuvies|illuvies
Isol|inluvio|inluvio|OK|illuvio|illuvio
Isol|inluviosus|inluviosus|OK|illuviosus|illuviosus
Isol|inluxi|inluxi|OK|illuxi|illuxi
Isol|inmaculabilis|inmaculabilis|OK|immaculabilis|immaculabilis
Isol|inmaculatus|inmaculatus|OK|immaculatus|immaculatus
Isol|inmaculo|inmaculo|OK|immaculo|immaculo
Isol|inmaneo|inmaneo|OK|immaneo|immaneo
Isol|inmanifestus|inmanifestus|OK|immanifestus|immanifestus
Isol|inmanis|inmanis|OK|immanis|immanis
Isol|inmansuetus|inmansuetus|OK|immansuetus|immansuetus
Isol|inmarcescibilis|inmarcescibilis|OK|immarcescibilis|immarcescibilis
Isol|inmaturitas|inmaturitas|OK|immaturitas|immaturitas
Isol|inmaturus|inmaturus|OK|immaturus|immaturus
Isol|inmedicabilis|inmedicabilis|OK|immedicabilis|immedicabilis
Isol|inmedicatus|inmedicatus|OK|immedicatus|immedicatus
Isol|inmeditatus|inmeditatus|OK|immeditatus|immeditatus
Isol|inmeio|inmeio|OK|immeio|immeio
Isol|inmemor|inmemor|OK|immemor|immemor
Isol|inmemorabilis|inmemorabilis|OK|immemorabilis|immemorabilis
Isol|inmemoratio|inmemoratio|OK|immemoratio|immemoratio
Isol|inmemoratus|inmemoratus|OK|immemoratus|immemoratus
Isol|inmemoria|inmemoria|Isol|immemoria|immemoria
Isol|inmensitas|inmensitas|OK|immensitas|immensitas
Isol|inmensurabilis|inmensurabilis|OK|immensurabilis|immensurabilis
Isol|inmensuratus|inmensuratus|OK|immensuratus|immensuratus
Isol|inmensus|inmensus|OK|immensus|immensus
Isol|inmeo|inmeo|OK|immeo|immeo
Isol|inmerens|inmerens|OK|immerens|immerens
Isol|inmerenter|inmerenter|OK|immerenter|immerenter
Isol|inmergo|inmergo|OK|immergo|immergo
OK|inmerito|inmerito|OK|immerito|immerito
Isol|inmeritum|inmeritum|OK|immeritum|immeritum
Isol|inmeritus|inmeritus|OK|immeritus|immeritus
Isol|inmersabilis|inmersabilis|OK|immersabilis|immersabilis
Isol|inmersio|inmersio|OK|immersio|immersio
Isol|inmetatus|inmetatus|OK|immetatus|immetatus
Isol|inmigro|inmigro|OK|immigro|immigro
Isol|inminentia|inminentia|OK|imminentia|imminentia
Isol|inmineo|inmineo|OK|immineo|immineo
Isol|inminuo|inminuo|OK|imminuo|imminuo
Isol|inminutio|inminutio|OK|imminutio|imminutio
Isol|inminutus|inminutus|Mult|imminutus|imminutus
Isol|inmisceo|inmisceo|OK|immisceo|immisceo
Isol|inmiserabilis|inmiserabilis|OK|immiserabilis|immiserabilis
Isol|inmisericordia|inmisericordia|OK|immisericordia|immisericordia
Isol|inmisericors|inmisericors|OK|immisericors|immisericors
Isol|inmiseror|inmiseror|Isol|immiseror|immiseror
Isol|inmissarium|inmissarium|OK|immissarium|immissarium
Isol|inmissio|inmissio|OK|immissio|immissio
Mult|inmissus|inmissus|Mult|immissus|immissus
Isol|inmitigabilis|inmitigabilis|OK|immitigabilis|immitigabilis
Isol|inmitis|inmitis|OK|immitis|immitis
Isol|inmitto|inmitto|OK|immitto|immitto
Isol|inmixtus|inmixtus|Mult|immixtus|immixtus
Isol|inmobilis|inmobilis|OK|immobilis|immobilis
Isol|inmobilitas|inmobilitas|OK|immobilitas|immobilitas
Isol|inmoderantia|inmoderantia|OK|immoderantia|immoderantia
Isol|inmoderatio|inmoderatio|OK|immoderatio|immoderatio
Isol|inmoderatus|inmoderatus|OK|immoderatus|immoderatus
Isol|inmodestia|inmodestia|OK|immodestia|immodestia
Isol|inmodestus|inmodestus|OK|immodestus|immodestus
Isol|inmodicus|inmodicus|OK|immodicus|immodicus
Isol|inmodulatus|inmodulatus|OK|immodulatus|immodulatus
OK|inmoenis|inmoenis|OK|immoenis|immoenis
Isol|inmolaticius|inmolaticius|OK|immolaticius|immolaticius
Isol|inmolatio|inmolatio|OK|immolatio|immolatio
Isol|inmolator|inmolator|OK|immolator|immolator
Isol|inmolitus|inmolitus|OK|immolitus|immolitus
Isol|inmolo|inmolo|OK|immolo|immolo
Isol|inmordeo|inmordeo|OK|immordeo|immordeo
Isol|inmorior|inmorior|OK|immorior|immorior
Isol|inmoror|inmoror|OK|immoror|immoror
Isol|inmortalis|inmortalis|OK|immortalis|immortalis
Isol|inmortalitas|inmortalitas|OK|immortalitas|immortalitas
Isol|inmortaliter|inmortaliter|OK|immortaliter|immortaliter
Isol|inmortalitus|inmortalitus|OK|immortalitus|immortalitus
Isol|inmortuus|inmortuus|OK|immortuus|immortuus
Isol|inmotus|inmotus|OK|immotus|immotus
Isol|inmugio|inmugio|OK|immugio|immugio
Isol|inmulgeo|inmulgeo|OK|immulgeo|immulgeo
Isol|inmundabilis|inmundabilis|OK|immundabilis|immundabilis
Isol|inmunditia|inmunditia|OK|immunditia|immunditia
Isol|inmundus|inmundus|Mult|immundus|immundus
Isol|inmunificus|inmunificus|OK|immunificus|immunificus
Isol|inmunio|inmunio|OK|immunio|immunio
Isol|inmunis|inmunis|OK|immunis|immunis
Isol|inmunitas|inmunitas|OK|immunitas|immunitas
Isol|inmunitus|inmunitus|OK|immunitus|immunitus
Isol|inmurmuro|inmurmuro|OK|immurmuro|immurmuro
Isol|inmusicus|inmusicus|OK|immusicus|immusicus
Isol|inmutabilis|inmutabilis|Mult|immutabilis|immutabilis
Isol|inmutabilitas|inmutabilitas|OK|immutabilitas|immutabilitas
Isol|inmutatio|inmutatio|OK|immutatio|immutatio
Isol|inmutator|inmutator|OK|immutator|immutator
Isol|inmutatus|inmutatus|Mult|immutatus|immutatus
Isol|inmutesco|inmutesco|OK|immutesco|immutesco
Isol|inmutilatus|inmutilatus|OK|immutilatus|immutilatus
Isol|inmuto|inmuto|OK|immuto|immuto
Isol|inpacatus|inpacatus|OK|impacatus|impacatus
Isol|inpactio|inpactio|OK|impactio|impactio
Isol|inpaenitendus|inpaenitendus|OK|impaenitendus|impaenitendus
Isol|inpaenitens|inpaenitens|OK|impaenitens|impaenitens
Isol|inpaenitentia|inpaenitentia|OK|impaenitentia|impaenitentia
Isol|inpaenitus|inpaenitus|Isol|impaenitus|impaenitus
Isol|inpages|inpages|OK|impages|impages
Isol|inpallesco|inpallesco|OK|impallesco|impallesco
Isol|inpalpebratio|inpalpebratio|OK|impalpebratio|impalpebratio
Isol|inpar|inpar|OK|impar|impar
Isol|inparatio|inparatio|OK|imparatio|imparatio
Isol|inparatus|inparatus|OK|imparatus|imparatus
Isol|inparilis|inparilis|OK|imparilis|imparilis
Isol|inparilitas|inparilitas|OK|imparilitas|imparilitas
Isol|inpartibilis|inpartibilis|OK|impartibilis|impartibilis
Isol|inpartio|inpartio|OK|impartio|impartio
Isol|inpascor|inpascor|OK|impascor|impascor
Isol|inpassibilis|inpassibilis|OK|impassibilis|impassibilis
Isol|inpassibilitas|inpassibilitas|OK|impassibilitas|impassibilitas
Isol|inpassibiliter|inpassibiliter|OK|impassibiliter|impassibiliter
Isol|inpastus|inpastus|OK|impastus|impastus
Isol|inpatiens|inpatiens|OK|impatiens|impatiens
Isol|inpatienter|inpatienter|OK|impatienter|impatienter
Isol|inpatientia|inpatientia|OK|impatientia|impatientia
Isol|inpausabilis|inpausabilis|OK|impausabilis|impausabilis
Isol|inpavide|inpavide|OK|impavide|impavide
Isol|inpavidus|inpavidus|OK|impavidus|impavidus
Isol|inpeccabilis|inpeccabilis|OK|impeccabilis|impeccabilis
Isol|inpeccantia|inpeccantia|OK|impeccantia|impeccantia
Isol|inpedatio|inpedatio|OK|impedatio|impedatio
Isol|inpedico|inpedico|OK|impedico|impedico
Isol|inpedimentum|inpedimentum|OK|impedimentum|impedimentum
Isol|inpedio|inpedio|OK|impedio|impedio
Isol|inpeditio|inpeditio|OK|impeditio|impeditio
Isol|inpedito|inpedito|OK|impedito|impedito
Isol|inpeditor|inpeditor|OK|impeditor|impeditor
Mult|inpeditus|inpeditus|Mult|impeditus|impeditus
Isol|inpedo|inpedo|OK|impedo|impedo
OK|inpello|inpello|OK|impello|impello
Isol|inpendeo|inpendeo|OK|impendeo|impendeo
Isol|inpendio|inpendio|OK|impendio|impendio
Isol|inpendiosus|inpendiosus|OK|impendiosus|impendiosus
Isol|inpendium|inpendium|OK|impendium|impendium
Isol|inpendo|inpendo|OK|impendo|impendo
Isol|inpenetrabilis|inpenetrabilis|OK|impenetrabilis|impenetrabilis
Isol|inpensa|inpensa|OK|impensa|impensa
Isol|inpense|inpense|OK|impense|impense
Mult|inpensus|inpensus|Mult|impensus|impensus
Isol|inperative|inperative|OK|imperative|imperative
Isol|inperativus|inperativus|OK|imperativus|imperativus
Isol|inperator|inperator|OK|imperator|imperator
Isol|inperatorie|inperatorie|OK|imperatorie|imperatorie
Isol|inperatorius|inperatorius|OK|imperatorius|imperatorius
Isol|inperatrix|inperatrix|OK|imperatrix|imperatrix
Isol|inperatum|inperatum|OK|imperatum|imperatum
OK|inperatus|inperatus|Mult|imperatus|imperatus
Isol|inperceptus|inperceptus|OK|imperceptus|imperceptus
Isol|inperco|inperco|OK|imperco|imperco
Isol|inpercussus|inpercussus|OK|impercussus|impercussus
Isol|inperditus|inperditus|OK|imperditus|imperditus
Isol|inperfectio|inperfectio|OK|imperfectio|imperfectio
Isol|inperfectus|inperfectus|OK|imperfectus|imperfectus
Isol|inperfossus|inperfossus|OK|imperfossus|imperfossus
Isol|inperfundies|inperfundies|OK|imperfundies|imperfundies
Isol|inperiabiliter|inperiabiliter|OK|imperiabiliter|imperiabiliter
Isol|inperialis|inperialis|OK|imperialis|imperialis
Isol|inperiose|inperiose|OK|imperiose|imperiose
Isol|inperiosus|inperiosus|Mult|imperiosus|imperiosus
Isol|inperite|inperite|OK|imperite|imperite
Isol|inperitia|inperitia|OK|imperitia|imperitia
Isol|inperito|inperito|OK|imperito|imperito
Isol|inperitus|inperitus|OK|imperitus|imperitus
Isol|inperium|inperium|OK|imperium|imperium
Isol|inperjuratus|inperiuratus|OK|imperjuratus|imperiuratus
Isol|inpermissus|inpermissus|OK|impermissus|impermissus
Isol|inpermixtus|inpermixtus|OK|impermixtus|impermixtus
Isol|inpero|inpero|OK|impero|impero
Isol|inperpetuus|inperpetuus|OK|imperpetuus|imperpetuus
Isol|inperscrutabilis|inperscrutabilis|OK|imperscrutabilis|imperscrutabilis
Isol|inpersonalis|inpersonalis|OK|impersonalis|impersonalis
Isol|inpersonativus|inpersonativus|OK|impersonativus|impersonativus
Isol|inperspicabilis|inperspicabilis|OK|imperspicabilis|imperspicabilis
Isol|inperspicuus|inperspicuus|OK|imperspicuus|imperspicuus
Isol|inperterritus|inperterritus|OK|imperterritus|imperterritus
Isol|inpertilis|inpertilis|OK|impertilis|impertilis
Isol|inpertinens|inpertinens|OK|impertinens|impertinens
OK|inpertio|inpertio|OK|impertio|impertio
Isol|inpertitio|inpertitio|OK|impertitio|impertitio
Isol|inperturbabilis|inperturbabilis|OK|imperturbabilis|imperturbabilis
Isol|inperturbatio|inperturbatio|OK|imperturbatio|imperturbatio
Isol|inperturbatus|inperturbatus|OK|imperturbatus|imperturbatus
Isol|inpervius|inpervius|OK|impervius|impervius
Isol|inpes|inpes|OK|impes|impes
Isol|inpetibilis|inpetibilis|Mult|impetibilis|impetibilis
Isol|inpetiginosus|inpetiginosus|OK|impetiginosus|impetiginosus
Isol|inpetigo|inpetigo|OK|impetigo|impetigo
Isol|inpeto|inpeto|OK|impeto|impeto
Isol|inpetrabilis|inpetrabilis|OK|impetrabilis|impetrabilis
Isol|inpetratio|inpetratio|OK|impetratio|impetratio
Isol|inpetrativus|inpetrativus|OK|impetrativus|impetrativus
Isol|inpetrator|inpetrator|OK|impetrator|impetrator
Isol|inpetro|inpetro|OK|impetro|impetro
Isol|inpetulans|inpetulans|Isol|impetulans|impetulans
Isol|inpetuose|inpetuose|OK|impetuose|impetuose
Isol|inpetus|inpetus|OK|impetus|impetus
Isol|inpexus|inpexus|OK|impexus|impexus
Isol|inpiamentum|inpiamentum|OK|impiamentum|impiamentum
Isol|inpico|inpico|OK|impico|impico
Isol|inpie|inpie|OK|impie|impie
Isol|inpietas|inpietas|OK|impietas|impietas
Isol|inpiger|inpiger|OK|impiger|impiger
Isol|inpigre|inpigre|OK|impigre|impigre
Isol|inpigritas|inpigritas|OK|impigritas|impigritas
Isol|inpigritia|inpigritia|OK|impigritia|impigritia
OK|inpilia|inpilia|OK|impilia|impilia
Isol|inpingo|inpingo|OK|impingo|impingo
Isol|inpinguo|inpinguo|OK|impinguo|impinguo
Isol|inpio|inpio|OK|impio|impio
Isol|inpius|inpius|OK|impius|impius
OK|inplacabilis|inplacabilis|OK|implacabilis|implacabilis
Isol|inplacabilitas|inplacabilitas|OK|implacabilitas|implacabilitas
Isol|inplacatus|inplacatus|OK|implacatus|implacatus
OK|inplacidus|inplacidus|OK|implacidus|implacidus
Isol|inplago|inplago|OK|implago|implago
Isol|inplano|inplano|OK|implano|implano
Isol|inplanus|inplanus|OK|implanus|implanus
Isol|inplebilis|inplebilis|OK|implebilis|implebilis
Isol|inplecticus|inplecticus|OK|implecticus|implecticus
Isol|inplecto|inplecto|OK|implecto|implecto
Isol|inplementum|inplementum|OK|implementum|implementum
Isol|inpleo|inpleo|OK|impleo|impleo
Isol|inpletio|inpletio|OK|impletio|impletio
Isol|inpletus|inpletus|OK|impletus|impletus
Isol|inplexio|inplexio|OK|implexio|implexio
Isol|inplexus|inplexus|Mult|implexus|implexus
Isol|inplicamentum|inplicamentum|OK|implicamentum|implicamentum
Isol|inplicatio|inplicatio|OK|implicatio|implicatio
Isol|inplicatura|inplicatura|OK|implicatura|implicatura
Isol|inplicatus|inplicatus|OK|implicatus|implicatus
Isol|inpliciscor|inpliciscor|OK|impliciscor|impliciscor
Isol|inplicite|inplicite|OK|implicite|implicite
Isol|inplicito|inplicito|OK|implicito|implicito
Isol|inplicitus|inplicitus|OK|implicitus|implicitus
Isol|inplico|inplico|OK|implico|implico
Isol|inplorabilis|inplorabilis|OK|implorabilis|implorabilis
Isol|inploratio|inploratio|OK|imploratio|imploratio
Isol|inploro|inploro|OK|imploro|imploro
Isol|inplumbo|inplumbo|OK|implumbo|implumbo
OK|inplumis|inplumis|OK|implumis|implumis
OK|inpluo|inpluo|OK|impluo|impluo
Isol|inplutus|inplutus|OK|implutus|implutus
Isol|inpluviatus|inpluviatus|OK|impluviatus|impluviatus
Isol|inpluvium|inpluvium|OK|impluvium|impluvium
Isol|inpolite|inpolite|OK|impolite|impolite
Isol|inpolitia|inpolitia|OK|impolitia|impolitia
Isol|inpolitus|inpolitus|OK|impolitus|impolitus
Isol|inpollutus|inpollutus|OK|impollutus|impollutus
Isol|inpono|inpono|OK|impono|impono
Isol|inporcitor|inporcitor|OK|imporcitor|imporcitor
Isol|inporco|inporco|OK|imporco|imporco
Isol|inportabilis|inportabilis|OK|importabilis|importabilis
Isol|inportaticius|inportaticius|OK|importaticius|importaticius
Isol|inporto|inporto|OK|importo|importo
Isol|inportune|inportune|OK|importune|importune
Isol|inportunitas|inportunitas|OK|importunitas|importunitas
Isol|inportunus|inportunus|OK|importunus|importunus
Isol|inportuosus|inportuosus|OK|importuosus|importuosus
Isol|inpos|inpos|OK|impos|impos
Isol|inpositicius|inpositicius|OK|impositicius|impositicius
Isol|inpositio|inpositio|OK|impositio|impositio
Isol|inpositivus|inpositivus|OK|impositivus|impositivus
Isol|inpositor|inpositor|OK|impositor|impositor
Isol|inpositus|inpositus|Mult|impositus|impositus
Isol|inpossibilis|inpossibilis|OK|impossibilis|impossibilis
Isol|inpossibilitas|inpossibilitas|OK|impossibilitas|impossibilitas
Isol|inpostor|inpostor|OK|impostor|impostor
Isol|inpostura|inpostura|OK|impostura|impostura
Isol|inpostus|inpostus|OK|impostus|impostus
Isol|inpotabilis|inpotabilis|OK|impotabilis|impotabilis
Isol|inpotens|inpotens|OK|impotens|impotens
Isol|inpotenter|inpotenter|OK|impotenter|impotenter
Isol|inpotentia|inpotentia|OK|impotentia|impotentia
Isol|inpraegno|inpraegno|OK|impraegno|impraegno
Isol|inpraepedite|inpraepedite|OK|impraepedite|impraepedite
Isol|inpraepeditus|inpraepeditus|OK|impraepeditus|impraepeditus
Isol|inpraeputiatus|inpraeputiatus|OK|impraeputiatus|impraeputiatus
Isol|inpraescientia|inpraescientia|OK|impraescientia|impraescientia
OK|inpraesentiarum|inpraesentiarum|OK|impraesentiarum|impraesentiarum
Isol|inpraestabilis|inpraestabilis|OK|impraestabilis|impraestabilis
Isol|inpransus|inpransus|OK|impransus|impransus
Isol|inprecatio|inprecatio|OK|imprecatio|imprecatio
Isol|inprecor|inprecor|OK|imprecor|imprecor
Isol|inprensibilis|inprensibilis|OK|imprensibilis|imprensibilis
Isol|inpresse|inpresse|OK|impresse|impresse
Isol|inpressio|inpressio|OK|impressio|impressio
Mult|inpressus|inpressus|Mult|impressus|impressus
Isol|inpretiabilis|inpretiabilis|OK|impretiabilis|impretiabilis
OK|inprimis|inprimis|OK|imprimis|imprimis
Isol|inprimo|inprimo|OK|imprimo|imprimo
Isol|inprincipaliter|inprincipaliter|OK|imprincipaliter|imprincipaliter
Isol|inprobabilis|inprobabilis|OK|improbabilis|improbabilis
Isol|inprobatio|inprobatio|OK|improbatio|improbatio
Isol|inprobator|inprobator|OK|improbator|improbator
Isol|inprobe|inprobe|OK|improbe|improbe
Isol|inprobitas|inprobitas|OK|improbitas|improbitas
Isol|inprobiter|inprobiter|OK|improbiter|improbiter
Isol|inprobito|inprobito|OK|improbito|improbito
Isol|inprobo|inprobo|OK|improbo|improbo
Isol|inprobulus|inprobulus|OK|improbulus|improbulus
Isol|inprobus|inprobus|OK|improbus|improbus
Isol|inprocerus|inprocerus|OK|improcerus|improcerus
Isol|inprocreabilis|inprocreabilis|OK|improcreabilis|improcreabilis
Isol|inprofessus|inprofessus|OK|improfessus|improfessus
Isol|inpromiscus|inpromiscus|OK|impromiscus|impromiscus
OK|inpromptus|inpromptus|OK|impromptus|impromptus
Isol|inprope|inprope|OK|imprope|imprope
Isol|inproperanter|inproperanter|OK|improperanter|improperanter
Isol|inproperatus|inproperatus|OK|improperatus|improperatus
Isol|inproperium|inproperium|OK|improperium|improperium
Mult|inpropero|inpropero|Mult|impropero|impropero
Isol|inproperus|inproperus|OK|improperus|improperus
Isol|inproprie|inproprie|OK|improprie|improprie
Isol|inproprietas|inproprietas|OK|improprietas|improprietas
Isol|inproprius|inproprius|OK|improprius|improprius
Isol|inpropugnatus|inpropugnatus|OK|impropugnatus|impropugnatus
Isol|inprospectus|inprospectus|OK|improspectus|improspectus
OK|inprosper|inprosper|OK|improsper|improsper
Isol|inprospere|inprospere|OK|improspere|improspere
Isol|inprotectus|inprotectus|OK|improtectus|improtectus
Isol|inprovide|inprovide|OK|improvide|improvide
Isol|inprovidentia|inprovidentia|OK|improvidentia|improvidentia
Isol|inprovidus|inprovidus|OK|improvidus|improvidus
Isol|inprovise|inprovise|OK|improvise|improvise
Isol|inprovisus|inprovisus|OK|improvisus|improvisus
Isol|inprudens|inprudens|OK|imprudens|imprudens
Isol|inprudenter|inprudenter|OK|imprudenter|imprudenter
Isol|inprudentia|inprudentia|OK|imprudentia|imprudentia
Isol|inpubes|inpubes|Mult|impubes|impubes
Isol|inpubescens|inpubescens|OK|impubescens|impubescens
Isol|inpudens|inpudens|OK|impudens|impudens
Isol|inpudenter|inpudenter|OK|impudenter|impudenter
Isol|inpudentia|inpudentia|OK|impudentia|impudentia
Isol|inpudice|inpudice|OK|impudice|impudice
Isol|inpudicitia|inpudicitia|OK|impudicitia|impudicitia
Isol|inpudicus|inpudicus|OK|impudicus|impudicus
Isol|inpugnatio|inpugnatio|OK|impugnatio|impugnatio
Isol|inpugnator|inpugnator|OK|impugnator|impugnator
Isol|inpugnatus|inpugnatus|OK|impugnatus|impugnatus
OK|inpugno|inpugno|OK|impugno|impugno
Isol|inpulsio|inpulsio|OK|impulsio|impulsio
Isol|inpulsor|inpulsor|OK|impulsor|impulsor
Isol|inpulstrix|inpulstrix|OK|impulstrix|impulstrix
Mult|inpulsus|inpulsus|Mult|impulsus|impulsus
Isol|inpulvereus|inpulvereus|OK|impulvereus|impulvereus
Isol|inpunctus|inpunctus|OK|impunctus|impunctus
Isol|inpune|inpune|OK|impune|impune
Isol|inpunis|inpunis|OK|impunis|impunis
Isol|inpunitas|inpunitas|OK|impunitas|impunitas
Isol|inpunite|inpunite|OK|impunite|impunite
OK|inpunitus|inpunitus|OK|impunitus|impunitus
Isol|inpuratus|inpuratus|OK|impuratus|impuratus
Isol|inpure|inpure|OK|impure|impure
Isol|inpurgabilis|inpurgabilis|OK|impurgabilis|impurgabilis
Isol|inpuritas|inpuritas|OK|impuritas|impuritas
Isol|inpuritia|inpuritia|OK|impuritia|impuritia
OK|inpurus|inpurus|OK|impurus|impurus
Isol|inputatio|inputatio|OK|imputatio|imputatio
Isol|inputativus|inputativus|OK|imputativus|imputativus
Isol|inputator|inputator|OK|imputator|imputator
Isol|inputatus|inputatus|Mult|imputatus|imputatus
Isol|inputo|inputo|OK|imputo|imputo
Isol|inputresco|inputresco|OK|imputresco|imputresco
Isol|inputribilis|inputribilis|OK|imputribilis|imputribilis
Isol|irr|irr|Isol|inr|inr
OK|irradio|irradio|Isol|inradio|inradio
OK|irrado|irrado|Isol|inrado|inrado
OK|irrasus|irrasus|Isol|inrasus|inrasus
OK|irrationabilis|irrationabilis|Isol|inrationabilis|inrationabilis
OK|irrationabilitas|irrationabilitas|Isol|inrationabilitas|inrationabilitas
OK|irrationalis|irrationalis|Isol|inrationalis|inrationalis
OK|irraucesco|irraucesco|OK|inraucesco|inraucesco
OK|irrecogitatio|irrecogitatio|Isol|inrecogitatio|inrecogitatio
OK|irrecordabilis|irrecordabilis|Isol|inrecordabilis|inrecordabilis
OK|irrecuperabilis|irrecuperabilis|Isol|inrecuperabilis|inrecuperabilis
OK|irrecusabilis|irrecusabilis|Isol|inrecusabilis|inrecusabilis
Isol|irredivivus|irredivivus|Isol|inredivivus|inredivivus
OK|irredux|irredux|Isol|inredux|inredux
OK|irreformabilis|irreformabilis|Isol|inreformabilis|inreformabilis
OK|irrefragabilis|irrefragabilis|Isol|inrefragabilis|inrefragabilis
OK|irrefutabilis|irrefutabilis|Isol|inrefutabilis|inrefutabilis
OK|irrefutatus|irrefutatus|Isol|inrefutatus|inrefutatus
OK|irregibilis|irregibilis|Isol|inregibilis|inregibilis
OK|irregressibilis|irregressibilis|Isol|inregressibilis|inregressibilis
OK|irreligatus|irreligatus|OK|inreligatus|inreligatus
OK|irreligio|irreligio|Isol|inreligio|inreligio
OK|irreligiose|irreligiose|OK|inreligiose|inreligiose
OK|irreligiositas|irreligiositas|Isol|inreligiositas|inreligiositas
OK|irreligiosus|irreligiosus|OK|inreligiosus|inreligiosus
OK|irremeabilis|irremeabilis|OK|inremeabilis|inremeabilis
OK|irremediabilis|irremediabilis|Isol|inremediabilis|inremediabilis
OK|irremisse|irremisse|Isol|inremisse|inremisse
OK|irremissibilis|irremissibilis|Isol|inremissibilis|inremissibilis
OK|irremotus|irremotus|Isol|inremotus|inremotus
OK|irremunerabilis|irremunerabilis|Isol|inremunerabilis|inremunerabilis
OK|irremuneratus|irremuneratus|Isol|inremuneratus|inremuneratus
OK|irreparabilis|irreparabilis|OK|inreparabilis|inreparabilis
OK|irrepercussus|irrepercussus|Isol|inrepercussus|inrepercussus
OK|irrepertus|irrepertus|OK|inrepertus|inrepertus
OK|irrepletus|irrepletus|Isol|inrepletus|inrepletus
OK|irrepo|irrepo|OK|inrepo|inrepo
OK|irreposcibilis|irreposcibilis|Isol|inreposcibilis|inreposcibilis
OK|irreprehensibilis|irreprehensibilis|Isol|inreprehensibilis|inreprehensibilis
OK|irreprehensus|irreprehensus|OK|inreprehensus|inreprehensus
OK|irreptio|irreptio|Isol|inreptio|inreptio
OK|irrepto|irrepto|Isol|inrepto|inrepto
OK|irreptor|irreptor|Isol|inreptor|inreptor
OK|irrequiebilis|irrequiebilis|Isol|inrequiebilis|inrequiebilis
OK|irrequies|irrequies|Isol|inrequies|inrequies
OK|irrequietus|irrequietus|OK|inrequietus|inrequietus
OK|irrequisitus|irrequisitus|Isol|inrequisitus|inrequisitus
OK|irresectus|irresectus|OK|inresectus|inresectus
OK|irresolubilis|irresolubilis|Isol|inresolubilis|inresolubilis
OK|irresolutus|irresolutus|OK|inresolutus|inresolutus
OK|irrespirabilis|irrespirabilis|Isol|inrespirabilis|inrespirabilis
OK|irrestinctus|irrestinctus|Isol|inrestinctus|inrestinctus
OK|irretio|irretio|OK|inretio|inretio
OK|irretortus|irretortus|OK|inretortus|inretortus
OK|irretractabilis|irretractabilis|Isol|inretractabilis|inretractabilis
OK|irreverens|irreverens|Isol|inreverens|inreverens
OK|irreverentia|irreverentia|OK|inreverentia|inreverentia
OK|irrevocabilis|irrevocabilis|OK|inrevocabilis|inrevocabilis
OK|irrevocandus|irrevocandus|Isol|inrevocandus|inrevocandus
OK|irrevocatus|irrevocatus|OK|inrevocatus|inrevocatus
OK|irridenter|irridenter|Isol|inridenter|inridenter
OK|irrideo|irrideo|OK|inrideo|inrideo
OK|irridicule|irridicule|OK|inridicule|inridicule
OK|irridiculum|irridiculum|OK|inridiculum|inridiculum
OK|irrigatio|irrigatio|OK|inrigatio|inrigatio
OK|irrigator|irrigator|Isol|inrigator|inrigator
OK|irrigo|irrigo|OK|inrigo|inrigo
OK|irriguus|irriguus|OK|inriguus|inriguus
OK|irrimor|irrimor|OK|inrimor|inrimor
OK|irrisi|irrisi|Isol|inrisi|inrisi
OK|irrisibilis|irrisibilis|Isol|inrisibilis|inrisibilis
OK|irrisio|irrisio|OK|inrisio|inrisio
OK|irrisor|irrisor|OK|inrisor|inrisor
OK|irrisorius|irrisorius|Isol|inrisorius|inrisorius
Mult|irrisus|irrisus|Mult|inrisus|inrisus
OK|irritabilis|irritabilis|OK|inritabilis|inritabilis
OK|irritabilitas|irritabilitas|OK|inritabilitas|inritabilitas
OK|irritamen|irritamen|OK|inritamen|inritamen
OK|irritamentum|irritamentum|OK|inritamentum|inritamentum
OK|irritatio|irritatio|OK|inritatio|inritatio
OK|irritator|irritator|OK|inritator|inritator
OK|irritatrix|irritatrix|Isol|inritatrix|inritatrix
Mult|irritatus|irritatus|Isol|inritatus|inritatus
OK|irrite|irrite|Isol|inrite|inrite
Mult|irrito|irrito|Mult|inrito|inrito
Mult|irritus|irritus|OK|inritus|inritus
OK|irroborasco|irroborasco|Isol|inroborasco|inroborasco
OK|irrogatio|irrogatio|OK|inrogatio|inrogatio
OK|irrogatus|irrogatus|Isol|inrogatus|inrogatus
OK|irrogo|irrogo|OK|inrogo|inrogo
OK|irroro|irroro|OK|inroro|inroro
OK|irroto|irroto|Isol|inroto|inroto
OK|irrubesco|irrubesco|Isol|inrubesco|inrubesco
OK|irructo|irructo|OK|inructo|inructo
OK|irrufo|irrufo|Isol|inrufo|inrufo
OK|irrugatio|irrugatio|Isol|inrugatio|inrugatio
OK|irrugio|irrugio|Isol|inrugio|inrugio
OK|irrugo|irrugo|Isol|inrugo|inrugo
OK|irrumatio|irrumatio|OK|inrumatio|inrumatio
OK|irrumator|irrumator|OK|inrumator|inrumator
OK|irrumo|irrumo|OK|inrumo|inrumo
OK|irrumpo|irrumpo|OK|inrumpo|inrumpo
OK|irruo|irruo|OK|inruo|inruo
OK|irruptio|irruptio|OK|inruptio|inruptio
Mult|irruptus|irruptus|OK|inruptus|inruptus
OK|irrutilo|irrutilo|OK|inrutilo|inrutilo
OK|occaecatio|occaecatio|Isol|obcaecatio|obcaecatio
OK|occaeco|occaeco|OK|obcaeco|obcaeco
OK|occallatus|occallatus|OK|obcallatus|obcallatus
OK|occallesco|occallesco|OK|obcallesco|obcallesco
OK|occano|occano|Isol|obcano|obcano
OK|occanto|occanto|Isol|obcanto|obcanto
OK|occedo|occedo|Isol|obcedo|obcedo
Isol|occelo|occelo|Isol|obcelo|obcelo
OK|occensus|occensus|Isol|obcensus|obcensus
OK|occento|occento|Isol|obcento|obcento
Mult|occido|occido|Isol|obcido|obcido
OK|occlamito|occlamito|Isol|obclamito|obclamito
OK|occlaudo|occlaudo|Isol|obclaudo|obclaudo
OK|occlusus|occlusus|Isol|obclusus|obclusus
OK|occulco|occulco|OK|obculco|obculco
OK|occulo|occulo|Isol|obculo|obculo
Mult|occulto|occulto|Isol|obculto|obculto
OK|occumbo|occumbo|Isol|obcumbo|obcumbo
OK|occurro|occurro|Isol|obcurro|obcurro
OK|occurso|occurso|Isol|obcurso|obcurso
OK|offarcinatus|offarcinatus|Isol|obfarcinatus|obfarcinatus
OK|offero|offero|Isol|obfero|obfero
OK|offertor|offertor|Isol|obfertor|obfertor
OK|offertorium|offertorium|Isol|obfertorium|obfertorium
Mult|offerumenta|offerumenta|Isol|obferumenta|obferumenta
OK|officio|officio|Isol|obficio|obficio
OK|offigo|offigo|OK|obfigo|obfigo
OK|offirmate|offirmate|OK|obfirmate|obfirmate
OK|offirmatus|offirmatus|OK|obfirmatus|obfirmatus
OK|offirmo|offirmo|OK|obfirmo|obfirmo
Isol|offixus|offixus|Isol|obfixus|obfixus
OK|offlecto|offlecto|OK|obflecto|obflecto
OK|offoco|offoco|Isol|obfoco|obfoco
OK|offrenatus|offrenatus|OK|obfrenatus|obfrenatus
OK|offringo|offringo|OK|obfringo|obfringo
OK|offulcio|offulcio|Isol|obfulcio|obfulcio
OK|offulgeo|offulgeo|Isol|obfulgeo|obfulgeo
OK|offundo|offundo|OK|obfundo|obfundo
OK|offuscatio|offuscatio|Isol|obfuscatio|obfuscatio
OK|offusco|offusco|Isol|obfusco|obfusco
OK|offusus|offusus|OK|obfusus|obfusus
OK|oppallesco|oppallesco|Isol|obpallesco|obpallesco
Isol|oppallio|oppallio|Isol|obpallio|obpallio
OK|oppango|oppango|Isol|obpango|obpango
OK|oppecto|oppecto|Isol|obpecto|obpecto
OK|oppedo|oppedo|Isol|obpedo|obpedo
OK|opperior|opperior|Isol|obperior|obperior
OK|oppessulatus|oppessulatus|Isol|obpessulatus|obpessulatus
OK|oppetitus|oppetitus|Isol|obpetitus|obpetitus
OK|oppeto|oppeto|Isol|obpeto|obpeto
OK|oppexus|oppexus|Isol|obpexus|obpexus
OK|oppico|oppico|Isol|obpico|obpico
OK|oppignerator|oppignerator|Isol|obpignerator|obpignerator
OK|oppignero|oppignero|Isol|obpignero|obpignero
OK|oppilatio|oppilatio|Isol|obpilatio|obpilatio
Mult|oppilo|oppilo|Isol|obpilo|obpilo
OK|oppleo|oppleo|Isol|obpleo|obpleo
OK|opploro|opploro|Isol|obploro|obploro
OK|oppono|oppono|Isol|obpono|obpono
OK|opporto|opporto|OK|obporto|obporto
OK|opportunitas|opportunitas|Isol|obportunitas|obportunitas
OK|opportunus|opportunus|Isol|obportunus|obportunus
OK|oppositio|oppositio|Isol|obpositio|obpositio
OK|oppressio|oppressio|Isol|obpressio|obpressio
OK|oppressiuncula|oppressiuncula|Isol|obpressiuncula|obpressiuncula
Mult|oppressus|oppressus|Mult|obpressus|obpressus
OK|opprimo|opprimo|Isol|obprimo|obprimo
OK|opprobramentum|opprobramentum|Isol|obprobramentum|obprobramentum
OK|opprobratio|opprobratio|Isol|obprobratio|obprobratio
OK|opprobriosus|opprobriosus|Isol|obprobriosus|obprobriosus
OK|opprobrium|opprobrium|Isol|obprobrium|obprobrium
OK|opprobro|opprobro|OK|obprobro|obprobro
OK|oppugnatio|oppugnatio|OK|obpugnatio|obpugnatio
OK|oppugnator|oppugnator|OK|obpugnator|obpugnator
OK|oppugnatorius|oppugnatorius|Isol|obpugnatorius|obpugnatorius
Mult|oppugno|oppugno|Mult|obpugno|obpugno
OK|opputo|opputo|Isol|obputo|obputo
OK|oppuvio|oppuvio|Isol|obpuvio|obpuvio
Mult|ops|ops|OK|obs|obs
Isol|opscaevo|opscaevo|OK|obscaevo|obscaevo
Isol|opscenus|opscenus|Mult|obscenus|obscenus
Isol|opsci|opsci|Isol|obsci|obsci
OK|opscus|opscus|OK|obscus|obscus
OK|opsecro|opsecro|OK|obsecro|obsecro
OK|opsecula|opsecula|OK|obsecula|obsecula
Isol|opsero|opsero|Mult|obsero|obsero
Isol|opses|opses|OK|obses|obses
Isol|opsessus|opsessus|OK|obsessus|obsessus
Isol|opsius|opsius|OK|obsius|obsius
OK|opsonatio|opsonatio|OK|obsonatio|obsonatio
OK|opsonator|opsonator|OK|obsonator|obsonator
OK|opsonatus|opsonatus|OK|obsonatus|obsonatus
OK|opsonito|opsonito|OK|obsonito|obsonito
OK|opsonium|opsonium|OK|obsonium|obsonium
OK|opsono|opsono|Mult|obsono|obsono
Isol|opsonor|opsonor|Isol|obsonor|obsonor
Isol|opstetricius|opstetricius|OK|obstetricius|obstetricius
Isol|opstetrico|opstetrico|OK|obstetrico|obstetrico
OK|opstetrix|opstetrix|OK|obstetrix|obstetrix
Isol|opstipesco|opstipesco|OK|obstipesco|obstipesco
Isol|opstruo|opstruo|OK|obstruo|obstruo
Isol|succaelestis|succaelestis|OK|subcaelestis|subcaelestis
Isol|succaeruleus|succaeruleus|OK|subcaeruleus|subcaeruleus
Isol|succandidus|succandidus|OK|subcandidus|subcandidus
Isol|succavus|succavus|OK|subcavus|subcavus
OK|succeno|succeno|OK|subceno|subceno
OK|succentivus|succentivus|OK|subcentivus|subcentivus
Mult|succenturio|succenturio|Mult|subcenturio|subcenturio
OK|succerno|succerno|OK|subcerno|subcerno
Mult|succido|succido|Isol|subcido|subcido
Mult|succinctus|succinctus|Isol|subcinctus|subcinctus
OK|succinerarius|succinerarius|Isol|subcinerarius|subcinerarius
Isol|succinericius|succinericius|OK|subcinericius|subcinericius
OK|succingo|succingo|OK|subcingo|subcingo
OK|succingulum|succingulum|Isol|subcingulum|subcingulum
OK|succino|succino|Isol|subcino|subcino
Mult|succisivus|succisivus|OK|subcisivus|subcisivus
OK|succlamo|succlamo|OK|subclamo|subclamo
OK|succoelestis|succoelestis|OK|subcoelestis|subcoelestis
OK|succoeno|succoeno|OK|subcoeno|subcoeno
Isol|succoeruleus|succoeruleus|OK|subcoeruleus|subcoeruleus
OK|succollo|succollo|Isol|subcollo|subcollo
OK|succonditor|succonditor|Isol|subconditor|subconditor
OK|succontumeliose|succontumeliose|OK|subcontumeliose|subcontumeliose
Isol|succoquo|succoquo|OK|subcoquo|subcoquo
Isol|succornicularius|succornicularius|OK|subcornicularius|subcornicularius
Isol|succortex|succortex|OK|subcortex|subcortex
Isol|succrassulus|succrassulus|OK|subcrassulus|subcrassulus
OK|succrepo|succrepo|OK|subcrepo|subcrepo
OK|succresco|succresco|OK|subcresco|subcresco
OK|succretus|succretus|OK|subcretus|subcretus
OK|succrispus|succrispus|OK|subcrispus|subcrispus
OK|succrotillus|succrotillus|OK|subcrotillus|subcrotillus
Isol|succrudus|succrudus|OK|subcrudus|subcrudus
Isol|succruentus|succruentus|OK|subcruentus|subcruentus
OK|succuba|succuba|Isol|subcuba|subcuba
Mult|succubo|succubo|Mult|subcubo|subcubo
Isol|succudo|succudo|Isol|subcudo|subcudo
Isol|succultro|succultro|OK|subcultro|subcultro
OK|succumbo|succumbo|OK|subcumbo|subcumbo
OK|succumbus|succumbus|OK|subcumbus|subcumbus
Isol|succuneatus|succuneatus|OK|subcuneatus|subcuneatus
OK|succurator|succurator|OK|subcurator|subcurator
OK|succurro|succurro|OK|subcurro|subcurro
OK|succursor|succursor|OK|subcursor|subcursor
Isol|succurvus|succurvus|OK|subcurvus|subcurvus
OK|succus|succus|OK|subcus|subcus
OK|succussatura|succussatura|Isol|subcussatura|subcussatura
OK|succussio|succussio|Isol|subcussio|subcussio
OK|succusso|succusso|Isol|subcusso|subcusso
OK|succussor|succussor|Isol|subcussor|subcussor
Isol|succussura|succussura|Isol|subcussura|subcussura
Mult|succussus|succussus|Isol|subcussus|subcussus
Isol|succustos|succustos|OK|subcustos|subcustos
Isol|succutaneus|succutaneus|OK|subcutaneus|subcutaneus
OK|succutio|succutio|OK|subcutio|subcutio
OK|suffarcinatus|suffarcinatus|Isol|subfarcinatus|subfarcinatus
OK|suffarcino|suffarcino|OK|subfarcino|subfarcino
OK|suffectio|suffectio|Isol|subfectio|subfectio
OK|suffectura|suffectura|Isol|subfectura|subfectura
OK|sufferentia|sufferentia|Isol|subferentia|subferentia
OK|suffermentatus|suffermentatus|OK|subfermentatus|subfermentatus
OK|suffero|suffero|OK|subfero|subfero
OK|suffervefacio|suffervefacio|OK|subfervefacio|subfervefacio
Isol|suffervefactus|suffervefactus|Isol|subfervefactus|subfervefactus
OK|suffervefio|suffervefio|Isol|subfervefio|subfervefio
OK|sufferveo|sufferveo|OK|subferveo|subferveo
OK|suffibulum|suffibulum|OK|subfibulum|subfibulum
OK|sufficio|sufficio|Isol|subficio|subficio
OK|suffigo|suffigo|OK|subfigo|subfigo
OK|suffio|suffio|OK|subfio|subfio
OK|sufflammo|sufflammo|Isol|subflammo|subflammo
OK|sufflatio|sufflatio|Isol|subflatio|subflatio
Mult|sufflatus|sufflatus|Isol|subflatus|subflatus
OK|sufflavus|sufflavus|OK|subflavus|subflavus
OK|sufflo|sufflo|OK|subflo|subflo
OK|suffocabilis|suffocabilis|Isol|subfocabilis|subfocabilis
OK|suffocatio|suffocatio|Isol|subfocatio|subfocatio
OK|suffoco|suffoco|Isol|subfoco|subfoco
OK|suffodio|suffodio|OK|subfodio|subfodio
OK|suffossio|suffossio|OK|subfossio|subfossio
OK|suffossus|suffossus|Isol|subfossus|subfossus
OK|suffragatio|suffragatio|OK|subfragatio|subfragatio
OK|suffragator|suffragator|Isol|subfragator|subfragator
OK|suffragium|suffragium|Isol|subfragium|subfragium
OK|suffrenatio|suffrenatio|Isol|subfrenatio|subfrenatio
OK|suffrendens|suffrendens|Isol|subfrendens|subfrendens
OK|suffrico|suffrico|OK|subfrico|subfrico
OK|suffrigide|suffrigide|OK|subfrigide|subfrigide
OK|suffrigidus|suffrigidus|OK|subfrigidus|subfrigidus
OK|suffringo|suffringo|OK|subfringo|subfringo
Isol|suffrondeo|suffrondeo|Isol|subfrondeo|subfrondeo
OK|suffugio|suffugio|OK|subfugio|subfugio
OK|suffugium|suffugium|Isol|subfugium|subfugium
OK|suffulcio|suffulcio|OK|subfulcio|subfulcio
OK|suffulgeo|suffulgeo|OK|subfulgeo|subfulgeo
OK|suffumigatio|suffumigatio|Isol|subfumigatio|subfumigatio
OK|suffumigo|suffumigo|OK|subfumigo|subfumigo
OK|suffumo|suffumo|Isol|subfumo|subfumo
OK|suffundatus|suffundatus|OK|subfundatus|subfundatus
Mult|suffundo|suffundo|OK|subfundo|subfundo
OK|suffuror|suffuror|OK|subfuror|subfuror
OK|suffusculus|suffusculus|OK|subfusculus|subfusculus
OK|suffuscus|suffuscus|OK|subfuscus|subfuscus
OK|suffusio|suffusio|OK|subfusio|subfusio
OK|suffusus|suffusus|Isol|subfusus|subfusus
OK|suggero|suggero|OK|subgero|subgero
OK|suggestio|suggestio|OK|subgestio|subgestio
Mult|suggestus|suggestus|Isol|subgestus|subgestus
OK|sugglutio|sugglutio|OK|subglutio|subglutio
OK|suggrandis|suggrandis|OK|subgrandis|subgrandis
OK|suggredior|suggredior|OK|subgredior|subgredior
OK|suggrunda|suggrunda|OK|subgrunda|subgrunda
OK|suggrundarium|suggrundarium|OK|subgrundarium|subgrundarium
OK|suggrundatio|suggrundatio|OK|subgrundatio|subgrundatio
OK|suggrundium|suggrundium|OK|subgrundium|subgrundium
OK|suggrunnio|suggrunnio|OK|subgrunnio|subgrunnio
Isol|summ|summ|Isol|subm|subm
Isol|summaestus|summaestus|OK|submaestus|submaestus
Isol|summagister|summagister|OK|submagister|submagister
Isol|summanans|summanans|Isol|submanans|submanans
OK|summanes|summanes|OK|submanes|submanes
OK|summano|summano|OK|submano|submano
OK|summanus|summanus|OK|submanus|submanus
OK|summedius|summedius|OK|submedius|submedius
OK|summejo|summeio|OK|submejo|submeio
OK|summejulus|summeiulus|OK|submejulus|submeiulus
Isol|summemmianus|summemmianus|OK|submemmianus|submemmianus
OK|summemmium|summemmium|OK|submemmium|submemmium
OK|summergo|summergo|OK|submergo|submergo
OK|summersio|summersio|OK|submersio|submersio
OK|summerso|summerso|OK|submerso|submerso
Mult|summersus|summersus|Mult|submersus|submersus
OK|summerus|summerus|OK|submerus|submerus
OK|summigratio|summigratio|OK|submigratio|submigratio
OK|summinia|summinia|OK|subminia|subminia
OK|sumministratio|sumministratio|OK|subministratio|subministratio
OK|sumministrator|sumministrator|OK|subministrator|subministrator
OK|sumministratus|sumministratus|Mult|subministratus|subministratus
OK|sumministro|sumministro|OK|subministro|subministro
OK|summisse|summisse|OK|submisse|submisse
OK|summissim|summissim|OK|submissim|submissim
OK|summissio|summissio|OK|submissio|submissio
Mult|summissus|summissus|Mult|submissus|submissus
OK|summitto|summitto|OK|submitto|submitto
OK|summoenianus|summoenianus|Isol|submoenianus|submoenianus
OK|summoenium|summoenium|OK|submoenium|submoenium
Isol|summoestus|summoestus|OK|submoestus|submoestus
OK|summoleste|summoleste|OK|submoleste|submoleste
OK|summolestus|summolestus|OK|submolestus|submolestus
OK|summoneo|summoneo|OK|submoneo|submoneo
OK|summonstro|summonstro|OK|submonstro|submonstro
Isol|summontorium|summontorium|Isol|submontorium|submontorium
OK|summorosus|summorosus|OK|submorosus|submorosus
OK|summotatio|summotatio|OK|submotatio|submotatio
OK|summotor|summotor|OK|submotor|submotor
OK|summotus|summotus|OK|submotus|submotus
OK|summoveo|summoveo|OK|submoveo|submoveo
Isol|summultiplex|summultiplex|OK|submultiplex|submultiplex
Mult|summuranum|summuranum|OK|submuranum|submuranum
OK|summurmuro|summurmuro|OK|submurmuro|submurmuro
OK|summussus|summussus|OK|submussus|submussus
OK|summuto|summuto|OK|submuto|submuto
OK|supter|supter|Mult|subter|subter
OK|suptilitas|suptilitas|OK|subtilitas|subtilitas
