OK|adcanto|2|0|10|OK|accanto|4|0|10
OK|adcelero|3|0|10|OK|accelero|7|0|10
OK|adclamatio|2|0|10|OK|acclamatio|8|0|10
OK|adclamo|4|0|10|OK|acclamo|9|0|10
OK|adclaro|3|0|10|OK|acclaro|7|0|10
OK|adclivis|3|0|10|OK|acclivis|8|0|10
OK|adcognosco|2|0|10|OK|accognosco|4|0|10
OK|adcolo|4|0|10|OK|accolo|9|0|10
OK|adcommodo|3|0|10|OK|accommodo|9|0|10
OK|adcommodus|2|0|10|OK|accommodus|8|0|10
OK|adcongero|2|0|10|OK|accongero|3|0|10
OK|adcredo|4|0|10|OK|accredo|8|0|10
OK|adcresco|5|0|10|OK|accresco|8|0|10
OK|adcretio|2|0|10|OK|accretio|7|0|10
OK|adcubo|3|0|10|OK|accubo|9|0|10
OK|adcumbo|3|0|10|OK|accumbo|9|0|10
OK|adcumulator|2|0|10|OK|accumulator|7|0|10
OK|adcuro|3|0|10|OK|accuro|8|0|10
OK|adquiesco|5|0|10|OK|acquiesco|9|0|10
OK|adquiro|6|0|10|OK|acquiro|8|0|10
OK|adquisitio|3|0|10|OK|acquisitio|4|0|10
OK|affaber|3|0|10|OK|adfaber|3|0|10
OK|affabilis|4|0|10|OK|adfabilis|6|0|10
OK|affabilitas|2|0|10|OK|adfabilitas|4|0|10
OK|affabiliter|2|0|10|OK|adfabiliter|4|0|10
OK|affabre|2|0|10|OK|adfabre|5|0|10
OK|affabricatus|2|0|10|OK|adfabricatus|3|0|10
OK|affamen|2|0|10|OK|adfamen|3|0|10
OK|affatim|4|0|10|OK|adfatim|6|0|10
OK|affectatio|4|0|10|OK|adfectatio|5|0|10
OK|affectator|2|0|10|OK|adfectator|4|0|10
OK|affectatrix|2|0|10|OK|adfectatrix|3|0|10
OK|affecte|2|0|10|OK|adfecte|3|0|10
OK|affectio|3|0|10|OK|adfectio|6|0|10
OK|affectiosus|2|0|10|OK|adfectiosus|3|0|10
OK|affecto|5|0|10|OK|adfecto|7|0|10
OK|affector|2|0|10|OK|adfector|3|0|10
OK|affectuosus|2|0|10|OK|adfectuosus|3|0|10
OK|affero|5|0|10|OK|adfero|7|0|10
OK|afficio|5|0|10|OK|adficio|7|0|10
OK|afficticius|3|0|10|OK|adficticius|2|0|10
OK|affigo|5|0|10|OK|adfigo|7|0|10
OK|affiguro|3|0|10|OK|adfiguro|4|0|10
OK|affingo|5|0|10|OK|adfingo|7|0|10
OK|affinis|6|0|10|OK|adfinis|6|0|10
OK|affinitas|3|0|10|OK|adfinitas|6|0|10
OK|affirmate|3|0|10|OK|adfirmate|5|0|10
OK|affirmatio|3|0|10|OK|adfirmatio|6|0|10
OK|affirmativus|2|0|10|OK|adfirmativus|3|0|10
OK|affirmator|2|0|10|OK|adfirmator|3|0|10
OK|affirmo|5|0|10|OK|adfirmo|7|0|10
OK|affixio|2|0|10|OK|adfixio|3|0|10
OK|affixus|3|0|10|OK|adfixus|5|0|10
OK|afflagrans|2|0|10|OK|adflagrans|4|0|10
OK|afflator|2|0|10|OK|adflator|3|0|10
OK|afflecto|3|0|10|OK|adflecto|5|0|10
OK|affleo|4|0|10|OK|adfleo|5|0|10
OK|afflictatio|4|0|10|OK|adflictatio|5|0|10
OK|afflictator|2|0|10|OK|adflictator|3|0|10
OK|afflictio|2|0|10|OK|adflictio|3|0|10
OK|afflicto|4|0|10|OK|adflicto|7|0|10
OK|afflictor|3|0|10|OK|adflictor|5|0|10
OK|affligo|5|0|10|OK|adfligo|7|0|10
OK|afflo|4|0|10|OK|adflo|7|0|10
OK|affluens|3|0|10|OK|adfluens|6|0|10
OK|affluenter|4|0|10|OK|adfluenter|5|0|10
OK|affluentia|4|0|10|OK|adfluentia|5|0|10
OK|affluo|5|0|10|OK|adfluo|7|0|10
OK|affluus|2|0|10|OK|adfluus|2|0|10
OK|affodio|3|0|10|OK|adfodio|3|0|10
OK|affor|3|0|10|OK|adfor|6|0|10
OK|afformido|3|0|10|OK|adformido|5|0|10
OK|affrango|2|0|10|OK|adfrango|4|0|10
OK|affremo|2|0|10|OK|adfremo|4|0|10
OK|affricatio|2|0|10|OK|adfricatio|3|0|10
OK|affrico|4|0|10|OK|adfrico|6|0|10
OK|affrictus|3|0|10|OK|adfrictus|4|0|10
OK|affringo|2|0|10|OK|adfringo|4|0|10
OK|affrio|3|0|10|OK|adfrio|4|0|10
OK|affulgeo|5|0|10|OK|adfulgeo|6|0|10
OK|affundo|5|0|10|OK|adfundo|7|0|10
OK|aggarrio|3|0|10|OK|adgarrio|2|0|10
OK|aggaudeo|4|0|10|OK|adgaudeo|3|0|10
OK|aggemo|4|0|10|OK|adgemo|4|0|10
OK|aggenero|4|0|10|OK|adgenero|4|0|10
OK|aggeniculatio|2|0|10|OK|adgeniculatio|2|0|10
OK|aggeniculor|3|0|10|OK|adgeniculor|3|0|10
OK|aggestio|2|0|10|OK|adgestio|3|0|10
OK|agglomero|6|0|10|OK|adglomero|5|0|10
OK|agglutino|5|0|10|OK|adglutino|5|0|10
OK|aggravatio|2|0|10|OK|adgravatio|2|0|10
OK|aggravesco|3|0|10|OK|adgravesco|4|0|10
OK|aggravo|5|0|10|OK|adgravo|5|0|10
OK|aggredio|4|0|10|OK|adgredio|3|0|10
OK|aggredior|4|0|10|OK|adgredior|5|0|10
OK|aggrego|6|0|10|OK|adgrego|6|0|10
OK|aggressio|3|0|10|OK|adgressio|4|0|10
OK|aggressor|2|0|10|OK|adgressor|3|0|10
OK|aggressura|2|0|10|OK|adgressura|3|0|10
OK|agguberno|3|0|10|OK|adguberno|5|0|10
OK|allabor|4|0|10|OK|adlabor|6|0|10
OK|allaboro|5|0|10|OK|adlaboro|5|0|10
OK|allacrimans|2|0|10|OK|adlacrimans|3|0|10
OK|allacto|2|0|10|OK|adlacto|2|0|10
OK|allambo|3|0|10|OK|adlambo|3|0|10
OK|allatro|5|0|10|OK|adlatro|6|0|10
OK|allatus|2|0|10|OK|adlatus|3|0|10
OK|allaudabilis|4|0|10|OK|adlaudabilis|4|0|10
OK|allaudo|4|0|10|OK|adlaudo|4|0|10
OK|allectatio|4|0|10|OK|adlectatio|3|0|10
OK|allectio|4|0|10|OK|adlectio|3|0|10
OK|allector|3|0|10|OK|adlector|3|0|10
OK|allectura|3|0|10|OK|adlectura|2|0|10
OK|allegatio|3|0|10|OK|adlegatio|5|0|10
OK|allegatus|2|0|10|OK|adlegatus|3|0|10
OK|allevamentum|3|0|10|OK|adlevamentum|5|0|10
OK|allevatio|3|0|10|OK|adlevatio|5|0|10
OK|allevator|3|0|10|OK|adlevator|3|0|10
OK|allevio|4|0|10|OK|adlevio|4|0|10
OK|allicefacio|5|0|10|OK|adlicefacio|5|0|10
OK|allicio|5|0|10|OK|adlicio|6|0|10
OK|allido|5|0|10|OK|adlido|6|0|10
OK|alligamentum|2|0|10|OK|adligamentum|2|0|10
OK|alligatio|2|0|10|OK|adligatio|3|0|10
OK|alligator|2|0|10|OK|adligator|4|0|10
OK|alligatura|2|0|10|OK|adligatura|4|0|10
OK|alligo|4|0|10|OK|adligo|7|0|10
OK|allino|4|0|10|OK|adlino|7|0|10
OK|allisio|2|0|10|OK|adlisio|3|0|10
OK|allivescit|3|0|10|OK|adlivescit|3|0|10
OK|allocutio|4|0|10|OK|adlocutio|5|0|10
OK|alloquium|3|0|10|OK|adloquium|6|0|10
OK|alloquor|3|0|10|OK|adloquor|6|0|10
OK|allubentia|2|0|10|OK|adlubentia|3|0|10
OK|allubesco|4|0|10|OK|adlubesco|3|0|10
OK|alluceo|5|0|10|OK|adluceo|5|0|10
OK|alluctor|2|0|10|OK|adluctor|3|0|10
OK|alludio|3|0|10|OK|adludio|3|0|10
OK|alludo|5|0|10|OK|adludo|6|0|10
OK|alluo|4|0|10|OK|adluo|7|0|10
OK|allusio|4|0|10|OK|adlusio|3|0|10
OK|alluvies|5|0|10|OK|adluvies|5|0|10
OK|alluvio|2|0|10|OK|adluvio|5|0|10
OK|alluvius|2|0|10|OK|adluvius|3|0|10
OK|apparamentum|3|0|10|OK|adparamentum|2|0|10
OK|apparate|6|0|10|OK|adparate|2|0|10
OK|apparatio|6|0|10|OK|adparatio|2|0|10
OK|apparator|4|0|10|OK|adparator|2|0|10
OK|apparatrix|4|0|10|OK|adparatrix|2|0|10
OK|appareo|9|0|10|OK|adpareo|4|0|10
OK|apparesco|4|0|10|OK|adparesco|2|0|10
OK|appario|4|0|10|OK|adpario|2|0|10
OK|apparitio|7|0|10|OK|adparitio|2|0|10
OK|apparitor|7|0|10|OK|adparitor|2|0|10
OK|apparitura|4|0|10|OK|adparitura|2|0|10
OK|apparo|9|0|10|OK|adparo|4|0|10
OK|appendix|7|0|10|OK|adpendix|2|0|10
OK|appendo|8|0|10|OK|adpendo|4|0|10
OK|appensor|4|0|10|OK|adpensor|2|0|10
OK|appertineo|4|0|10|OK|adpertineo|4|0|10
OK|appetens|9|0|10|OK|adpetens|3|0|10
OK|appetenter|6|0|10|OK|adpetenter|3|0|10
OK|appetentia|7|0|10|OK|adpetentia|3|0|10
OK|appetisso|4|0|10|OK|adpetisso|2|0|10
OK|appetitio|7|0|10|OK|adpetitio|3|0|10
OK|appetitor|4|0|10|OK|adpetitor|2|0|10
OK|applaudo|9|0|10|OK|adplaudo|3|0|10
OK|applausor|3|0|10|OK|adplausor|2|0|10
OK|applicatio|8|0|10|OK|adplicatio|2|0|10
OK|applicatus|7|0|10|OK|adplicatus|3|0|10
OK|applicitus|4|0|10|OK|adplicitus|2|0|10
OK|applico|9|0|10|OK|adplico|4|0|10
OK|applodo|5|0|10|OK|adplodo|3|0|10
OK|apploro|7|0|10|OK|adploro|3|0|10
OK|appono|9|0|10|OK|adpono|4|0|10
OK|apporrectus|5|0|10|OK|adporrectus|3|0|10
OK|apportatio|4|0|10|OK|adportatio|2|0|10
OK|apportatus|3|0|10|OK|adportatus|2|0|10
OK|apporto|8|0|10|OK|adporto|4|0|10
OK|apposco|4|0|10|OK|adposco|3|0|10
OK|appotus|5|0|10|OK|adpotus|3|0|10
OK|apprecor|6|0|10|OK|adprecor|4|0|10
OK|apprehendo|9|0|10|OK|adprehendo|4|0|10
OK|apprehensibilis|4|0|10|OK|adprehensibilis|2|0|10
OK|apprehensio|5|0|10|OK|adprehensio|2|0|10
OK|apprenso|5|0|10|OK|adprenso|3|0|10
OK|appretio|5|0|10|OK|adpretio|3|0|10
OK|apprime|6|0|10|OK|adprime|3|0|10
OK|apprimo|7|0|10|OK|adprimo|5|0|10
OK|apprimus|4|0|10|OK|adprimus|3|0|10
OK|approbatio|7|0|10|OK|adprobatio|3|0|10
OK|approbator|6|0|10|OK|adprobator|2|0|10
OK|approbe|5|0|10|OK|adprobe|2|0|10
OK|approbo|9|0|10|OK|adprobo|4|0|10
OK|approbus|4|0|10|OK|adprobus|3|0|10
OK|appromissor|4|0|10|OK|adpromissor|3|0|10
OK|appromitto|7|0|10|OK|adpromitto|4|0|10
OK|approno|5|0|10|OK|adprono|5|0|10
OK|appropero|8|0|10|OK|adpropero|4|0|10
OK|appropinquatio|7|0|10|OK|adpropinquatio|3|0|10
OK|appropinquo|9|0|10|OK|adpropinquo|4|0|10
OK|approximo|5|0|10|OK|adproximo|4|0|10
OK|appugno|8|0|10|OK|adpugno|4|0|10
OK|appunctus|2|0|10|OK|adpunctus|2|0|10
OK|appungo|3|0|10|OK|adpungo|2|0|10
OK|apsis|3|0|10|OK|absis|5|0|10
OK|apsoros|3|0|10|OK|absoros|2|0|10
OK|arrado|2|0|10|OK|adrado|8|0|10
OK|arrectarius|3|0|10|OK|adrectarius|3|0|10
OK|arrectus|4|0|10|OK|adrectus|5|0|10
OK|arremigo|3|0|10|OK|adremigo|5|0|10
OK|arrepo|7|0|10|OK|adrepo|7|0|10
OK|arrepticius|4|0|10|OK|adrepticius|3|0|10
OK|arreptivus|2|0|10|OK|adreptivus|2|0|10
OK|arria|3|0|10|OK|adria|5|0|10
OK|arrideo|6|0|10|OK|adrideo|7|0|10
OK|arripio|6|0|10|OK|adripio|7|0|10
OK|arrisio|4|0|10|OK|adrisio|4|0|10
OK|arrisor|4|0|10|OK|adrisor|4|0|10
OK|arrodo|5|0|10|OK|adrodo|6|0|10
OK|arrogans|6|0|10|OK|adrogans|7|0|10
OK|arroganter|4|0|10|OK|adroganter|5|0|10
OK|arrogantia|5|0|10|OK|adrogantia|6|0|10
OK|arrogatio|4|0|10|OK|adrogatio|3|0|10
OK|arrogator|4|0|10|OK|adrogator|3|0|10
OK|arrogatus|2|0|10|OK|adrogatus|3|0|10
OK|arrogo|6|0|10|OK|adrogo|7|0|10
OK|arroro|5|0|10|OK|adroro|4|0|10
OK|arrosor|4|0|10|OK|adrosor|4|0|10
OK|arrosus|3|0|10|OK|adrosus|4|0|10
OK|arrotans|5|0|10|OK|adrotans|4|0|10
OK|arruo|3|0|10|OK|adruo|5|0|10
OK|ascendens|3|0|10|OK|adscendens|3|0|10
OK|ascendibilis|6|0|10|OK|adscendibilis|3|0|10
OK|ascendo|9|0|10|OK|adscendo|4|0|10
OK|ascensibilis|5|0|10|OK|adscensibilis|2|0|10
OK|ascensio|7|0|10|OK|adscensio|3|0|10
OK|ascisco|8|0|10|OK|adscisco|3|0|10
OK|ascribo|7|0|10|OK|adscribo|4|0|10
OK|ascripticius|5|0|10|OK|adscripticius|2|0|10
OK|ascriptio|5|0|10|OK|adscriptio|2|0|10
OK|ascriptivus|2|0|10|OK|adscriptivus|2|0|10
OK|ascriptor|5|0|10|OK|adscriptor|2|0|10
OK|aspectabilis|7|0|10|OK|adspectabilis|3|0|10
OK|aspectamen|3|0|10|OK|adspectamen|2|0|10
OK|aspectio|4|0|10|OK|adspectio|2|0|10
OK|aspecto|8|0|10|OK|adspecto|4|0|10
OK|aspernor|8|0|10|OK|adspernor|2|0|10
OK|aspersio|7|0|10|OK|adspersio|2|0|10
OK|aspicio|9|0|10|OK|adspicio|4|0|10
OK|aspiramen|4|0|10|OK|adspiramen|3|0|10
OK|aspiratio|7|0|10|OK|adspiratio|3|0|10
OK|aspiratus|3|0|10|OK|adspiratus|2|0|10
OK|aspiro|9|0|10|OK|adspiro|4|0|10
OK|aspuo|5|0|10|OK|adspuo|4|0|10
OK|assaluto|2|0|10|OK|adsaluto|2|0|10
OK|assecla|4|0|10|OK|adsecla|5|0|10
OK|assectatio|4|0|10|OK|adsectatio|5|0|10
OK|assectator|4|0|10|OK|adsectator|6|0|10
OK|assectatus|2|0|10|OK|adsectatus|3|0|10
OK|assector|5|0|10|OK|adsector|6|0|10
OK|assecue|3|0|10|OK|adsecue|2|0|10
OK|assecutio|3|0|10|OK|adsecutio|2|0|10
OK|assecutor|4|0|10|OK|adsecutor|3|0|10
OK|assecutus|2|0|10|OK|adsecutus|3|0|10
OK|assedo|4|0|10|OK|adsedo|2|0|10
OK|assellatio|2|0|10|OK|adsellatio|2|0|10
OK|assellor|4|0|10|OK|adsellor|3|0|10
OK|assenesco|4|0|10|OK|adsenesco|3|0|10
OK|assensi|2|0|10|OK|adsensi|2|0|10
OK|assensio|5|0|10|OK|adsensio|6|0|10
OK|assensor|5|0|10|OK|adsensor|5|0|10
OK|assentaneus|3|0|10|OK|adsentaneus|2|0|10
OK|assentatio|5|0|10|OK|adsentatio|5|0|10
OK|assentatiuncula|4|0|10|OK|adsentatiuncula|5|0|10
OK|assentator|4|0|10|OK|adsentator|5|0|10
OK|assentatorie|4|0|10|OK|adsentatorie|5|0|10
OK|assentatrix|4|0|10|OK|adsentatrix|3|0|10
OK|assentio|3|0|10|OK|adsentio|5|0|10
OK|assentior|4|0|10|OK|adsentior|6|0|10
OK|assentor|5|0|10|OK|adsentor|6|0|10
OK|assequela|3|0|10|OK|adsequela|3|0|10
OK|assequor|5|0|10|OK|adsequor|6|0|10
OK|assertio|3|0|10|OK|adsertio|4|0|10
OK|assertor|4|0|10|OK|adsertor|5|0|10
OK|assertorius|4|0|10|OK|adsertorius|3|0|10
OK|assertrix|3|0|10|OK|adsertrix|2|0|10
OK|assertum|4|0|10|OK|adsertum|3|0|10
OK|assertus|3|0|10|OK|adsertus|4|0|10
OK|asserui|2|0|10|OK|adserui|2|0|10
OK|asservatus|2|0|10|OK|adservatus|3|0|10
OK|asservio|5|0|10|OK|adservio|6|0|10
OK|asservo|6|0|10|OK|adservo|7|0|10
OK|assessio|4|0|10|OK|adsessio|5|0|10
OK|assessor|5|0|10|OK|adsessor|5|0|10
OK|assessorius|4|0|10|OK|adsessorius|3|0|10
OK|assessura|4|0|10|OK|adsessura|3|0|10
OK|assestrix|4|0|10|OK|adsestrix|3|0|10
OK|asseverans|2|0|10|OK|adseverans|3|0|10
OK|asseveranter|4|0|10|OK|adseveranter|3|0|10
OK|asseverate|3|0|10|OK|adseverate|4|0|10
OK|asseveratio|4|0|10|OK|adseveratio|6|0|10
OK|asseverativus|2|0|10|OK|adseverativus|2|0|10
OK|assevero|6|0|10|OK|adsevero|7|0|10
OK|assibilo|5|0|10|OK|adsibilo|5|0|10
OK|assiccesco|5|0|10|OK|adsiccesco|4|0|10
OK|assicco|4|0|10|OK|adsicco|5|0|10
OK|assidelae|3|0|10|OK|adsidelae|3|0|10
OK|assideo|6|0|10|OK|adsideo|7|0|10
OK|assido|6|0|10|OK|adsido|6|0|10
OK|assidue|5|0|10|OK|adsidue|6|0|10
OK|assiduitas|5|0|10|OK|adsiduitas|5|0|10
OK|assiduus|5|0|10|OK|adsiduus|5|0|10
OK|assignatio|5|0|10|OK|adsignatio|5|0|10
OK|assignator|4|0|10|OK|adsignator|3|0|10
OK|assignatus|2|0|10|OK|adsignatus|2|0|10
OK|assignificatio|3|0|10|OK|adsignificatio|2|0|10
OK|assignifico|5|0|10|OK|adsignifico|3|0|10
OK|assigno|6|0|10|OK|adsigno|6|0|10
OK|assilio|7|0|10|OK|adsilio|6|0|10
OK|assimilatio|2|0|10|OK|adsimilatio|4|0|10
OK|assimilatus|2|0|10|OK|adsimilatus|3|0|10
OK|assimilis|6|0|10|OK|adsimilis|6|0|10
OK|assimiliter|3|0|10|OK|adsimiliter|3|0|10
OK|assimilo|3|0|10|OK|adsimilo|5|0|10
OK|assimulanter|3|0|10|OK|adsimulanter|2|0|10
OK|assimulaticius|4|0|10|OK|adsimulaticius|3|0|10
OK|assimulatio|3|0|10|OK|adsimulatio|5|0|10
OK|assimulativus|2|0|10|OK|adsimulativus|2|0|10
OK|assimulator|3|0|10|OK|adsimulator|2|0|10
OK|assimulatus|3|0|10|OK|adsimulatus|5|0|10
OK|assimulo|6|0|10|OK|adsimulo|7|0|10
OK|assisto|6|0|10|OK|adsisto|7|0|10
OK|assitus|4|0|10|OK|adsitus|5|0|10
OK|associatus|2|0|10|OK|adsociatus|2|0|10
OK|associo|5|0|10|OK|adsocio|5|0|10
OK|associus|3|0|10|OK|adsocius|2|0|10
OK|assoleo|5|0|10|OK|adsoleo|6|0|10
OK|assolo|5|0|10|OK|adsolo|4|0|10
OK|assono|5|0|10|OK|adsono|7|0|10
OK|assuctus|2|0|10|OK|adsuctus|2|0|10
OK|assudasco|2|0|10|OK|adsudasco|2|0|10
OK|assudesco|3|0|10|OK|adsudesco|3|0|10
OK|assuefacio|7|0|10|OK|adsuefacio|6|0|10
OK|assuesco|6|0|10|OK|adsuesco|6|0|10
OK|assuetudo|5|0|10|OK|adsuetudo|6|0|10
OK|assuetus|5|0|10|OK|adsuetus|5|0|10
OK|assugo|4|0|10|OK|adsugo|4|0|10
OK|assultim|2|0|10|OK|adsultim|3|0|10
OK|assulto|5|0|10|OK|adsulto|7|0|10
OK|assultus|4|0|10|OK|adsultus|6|0|10
OK|assumentum|3|0|10|OK|adsumentum|3|0|10
OK|assumo|5|0|10|OK|adsumo|7|0|10
OK|assumptio|5|0|10|OK|adsumptio|5|0|10
OK|assumptivus|4|0|10|OK|adsumptivus|4|0|10
OK|assuo|6|0|10|OK|adsuo|6|0|10
OK|assurgo|6|0|10|OK|adsurgo|7|0|10
OK|assuspirans|2|0|10|OK|adsuspirans|2|0|10
OK|assuspiro|4|0|10|OK|adsuspiro|3|0|10
OK|asterno|7|0|10|OK|adsterno|4|0|10
OK|astipulatio|3|0|10|OK|adstipulatio|3|0|10
OK|astipulator|4|0|10|OK|adstipulator|4|0|10
OK|astipulatus|3|0|10|OK|adstipulatus|3|0|10
OK|astipulor|3|0|10|OK|adstipulor|4|0|10
OK|astituo|6|0|10|OK|adstituo|4|0|10
OK|asto|6|0|10|OK|adsto|6|0|10
OK|astrangulo|4|0|10|OK|adstrangulo|4|0|10
OK|astrepo|8|0|10|OK|adstrepo|6|0|10
OK|astricte|5|0|10|OK|adstricte|4|0|10
OK|astrictio|4|0|10|OK|adstrictio|3|0|10
OK|astrictorius|3|0|10|OK|adstrictorius|3|0|10
OK|astrictus|5|0|10|OK|adstrictus|4|0|10
OK|astridens|2|0|10|OK|adstridens|2|0|10
OK|astringo|8|0|10|OK|adstringo|6|0|10
OK|astructio|3|0|10|OK|adstructio|3|0|10
OK|astructor|2|0|10|OK|adstructor|3|0|10
OK|astruo|8|0|10|OK|adstruo|5|0|10
OK|astupeo|6|0|10|OK|adstupeo|5|0|10
OK|attegro|3|0|10|OK|adtegro|2|0|10
OK|attemperate|5|0|10|OK|adtemperate|2|0|10
OK|attempero|5|0|10|OK|adtempero|3|0|10
OK|attendo|7|0|10|OK|adtendo|5|0|10
OK|attentatio|4|0|10|OK|adtentatio|2|0|10
OK|attentatus|2|0|10|OK|adtentatus|2|0|10
OK|attente|7|0|10|OK|adtente|2|0|10
OK|attentio|6|0|10|OK|adtentio|2|0|10
OK|attento|7|0|10|OK|adtento|4|0|10
OK|attenuate|5|0|10|OK|adtenuate|3|0|10
OK|attenuatio|5|0|10|OK|adtenuatio|3|0|10
OK|attenuatus|5|0|10|OK|adtenuatus|2|0|10
OK|attenuo|7|0|10|OK|adtenuo|4|0|10
OK|attero|8|0|10|OK|adtero|4|0|10
OK|atterraneus|3|0|10|OK|adterraneus|2|0|10
OK|attertiarius|3|0|10|OK|adtertiarius|3|0|10
OK|attertiatus|4|0|10|OK|adtertiatus|3|0|10
OK|attestor|5|0|10|OK|adtestor|2|0|10
OK|attexo|6|0|10|OK|adtexo|4|0|10
OK|attigo|4|0|10|OK|adtigo|3|0|10
OK|attiguus|5|0|10|OK|adtiguus|3|0|10
OK|attillo|5|0|10|OK|adtillo|4|0|10
OK|attinae|4|0|10|OK|adtinae|3|0|10
OK|attineo|8|0|10|OK|adtineo|5|0|10
OK|attingo|7|0|10|OK|adtingo|6|0|10
OK|attitulo|5|0|10|OK|adtitulo|4|0|10
OK|attolero|5|0|10|OK|adtolero|4|0|10
OK|attollo|6|0|10|OK|adtollo|3|0|10
OK|attondeo|7|0|10|OK|adtondeo|4|0|10
OK|attonite|3|0|10|OK|adtonite|2|0|10
OK|attono|7|0|10|OK|adtono|4|0|10
OK|attonsus|3|0|10|OK|adtonsus|2|0|10
OK|attorqueo|6|0|10|OK|adtorqueo|3|0|10
OK|attorreo|4|0|10|OK|adtorreo|2|0|10
OK|attractio|4|0|10|OK|adtractio|2|0|10
OK|attractivus|3|0|10|OK|adtractivus|2|0|10
OK|attraho|7|0|10|OK|adtraho|4|0|10
OK|attrectatio|4|0|10|OK|adtrectatio|3|0|10
OK|attrecto|7|0|10|OK|adtrecto|5|0|10
OK|attremo|4|0|10|OK|adtremo|2|0|10
OK|attribuo|7|0|10|OK|adtribuo|6|0|10
OK|attributio|6|0|10|OK|adtributio|2|0|10
OK|attributus|3|0|10|OK|adtributus|3|0|10
OK|attulo|4|0|10|OK|adtulo|3|0|10
OK|attumulo|3|0|10|OK|adtumulo|3|0|10
OK|conlabasco|3|0|10|OK|collabasco|4|0|10
OK|conlabefacto|3|0|10|OK|collabefacto|5|0|10
OK|conlabefio|4|0|10|OK|collabefio|7|0|10
OK|conlabello|3|0|10|OK|collabello|5|0|10
OK|conlabor|2|0|10|OK|collabor|7|0|10
OK|conlaceratus|2|0|10|OK|collaceratus|5|0|10
OK|conlacrimatio|4|0|10|OK|collacrimatio|5|0|10
OK|conlacrimo|6|0|10|OK|collacrimo|7|0|10
OK|conlactaneus|2|0|10|OK|collactaneus|4|0|10
OK|conlactea|2|0|10|OK|collactea|2|0|10
OK|conlacteus|2|0|10|OK|collacteus|3|0|10
OK|conlaetor|2|0|10|OK|collaetor|4|0|10
OK|conlapsio|2|0|10|OK|collapsio|4|0|10
OK|conlapsus|3|0|10|OK|collapsus|4|0|10
OK|conlatero|3|0|10|OK|collatero|5|0|10
OK|conlaticius|2|0|10|OK|collaticius|4|0|10
OK|conlatio|4|0|10|OK|collatio|7|0|10
OK|conlatitius|2|0|10|OK|collatitius|2|0|10
OK|conlativus|2|0|10|OK|collativus|4|0|10
OK|conlator|2|0|10|OK|collator|5|0|10
OK|conlatro|3|0|10|OK|collatro|6|0|10
OK|conlaudabilis|3|0|10|OK|collaudabilis|5|0|10
OK|conlaudatio|4|0|10|OK|collaudatio|6|0|10
OK|conlaudator|2|0|10|OK|collaudator|4|0|10
OK|conlaudo|6|0|10|OK|collaudo|7|0|10
OK|conlaxo|4|0|10|OK|collaxo|5|0|10
OK|conlecta|4|0|10|OK|collecta|5|0|10
OK|conlectaculum|2|0|10|OK|collectaculum|4|0|10
OK|conlectaneus|2|0|10|OK|collectaneus|5|0|10
OK|conlectarius|2|0|10|OK|collectarius|4|0|10
OK|conlecte|2|0|10|OK|collecte|4|0|10
OK|conlecticius|4|0|10|OK|collecticius|5|0|10
OK|conlectim|2|0|10|OK|collectim|4|0|10
OK|conlectio|4|0|10|OK|collectio|7|0|10
OK|conlectivus|2|0|10|OK|collectivus|4|0|10
OK|conlector|2|0|10|OK|collector|4|0|10
OK|conlega|4|0|10|OK|collega|7|0|10
OK|conlegatarius|2|0|10|OK|collegatarius|4|0|10
OK|conlegialis|3|0|10|OK|collegialis|5|0|10
OK|conlegiarius|2|0|10|OK|collegiarius|3|0|10
OK|conlegiatus|2|0|10|OK|collegiatus|4|0|10
OK|conlegium|4|0|10|OK|collegium|7|0|10
OK|conleprosus|2|0|10|OK|colleprosus|4|0|10
OK|conliberta|2|0|10|OK|colliberta|4|0|10
OK|conlibertus|4|0|10|OK|collibertus|5|0|10
OK|conlibet|3|0|10|OK|collibet|4|0|10
OK|conlibro|4|0|10|OK|collibro|5|0|10
OK|conliciae|2|0|10|OK|colliciae|4|0|10
OK|conlicio|2|0|10|OK|collicio|2|0|10
OK|conlido|5|0|10|OK|collido|8|0|10
OK|conligatio|4|0|10|OK|colligatio|5|0|10
OK|conlimitaneus|2|0|10|OK|collimitaneus|4|0|10
OK|conlimitium|2|0|10|OK|collimitium|4|0|10
OK|conlineo|5|0|10|OK|collineo|6|0|10
OK|conlino|4|0|10|OK|collino|6|0|10
OK|conliquefactus|4|0|10|OK|colliquefactus|4|0|10
OK|conliquesco|3|0|10|OK|colliquesco|5|0|10
OK|conlitus|2|0|10|OK|collitus|3|0|10
OK|conlocatio|5|0|10|OK|collocatio|6|0|10
OK|conloco|5|0|10|OK|colloco|9|0|10
OK|conlocupleto|5|0|10|OK|collocupleto|5|0|10
OK|conlocutio|4|0|10|OK|collocutio|6|0|10
OK|conlocutor|2|0|10|OK|collocutor|4|0|10
OK|conloquium|4|0|10|OK|colloquium|7|0|10
OK|conloquor|4|0|10|OK|colloquor|7|0|10
OK|conluceo|5|0|10|OK|colluceo|8|0|10
OK|conluco|4|0|10|OK|colluco|5|0|10
OK|conluctator|2|0|10|OK|colluctator|4|0|10
OK|conludium|2|0|10|OK|colludium|4|0|10
OK|conludo|5|0|10|OK|colludo|7|0|10
OK|conlugeo|3|0|10|OK|collugeo|5|0|10
OK|conlumino|3|0|10|OK|collumino|5|0|10
OK|conluo|5|0|10|OK|colluo|7|0|10
OK|conlurchinatio|2|0|10|OK|collurchinatio|3|0|10
OK|conlusio|4|0|10|OK|collusio|6|0|10
OK|conlusor|4|0|10|OK|collusor|6|0|10
OK|conlusorie|2|0|10|OK|collusorie|4|0|10
OK|conlustro|6|0|10|OK|collustro|7|0|10
OK|conlutio|2|0|10|OK|collutio|4|0|10
OK|conlutus|2|0|10|OK|collutus|4|0|10
OK|conluvies|4|0|10|OK|colluvies|5|0|10
OK|conluvio|4|0|10|OK|colluvio|6|0|10
OK|conmemoramentum|2|0|10|OK|commemoramentum|4|0|10
OK|conmemoratio|2|0|10|OK|commemoratio|8|0|10
OK|conmitigo|3|0|10|OK|commitigo|6|0|10
OK|conmolenda|3|0|10|OK|commolenda|3|0|10
OK|conmolior|2|0|10|OK|commolior|5|0|10
OK|conmonefacio|3|0|10|OK|commonefacio|8|0|10
OK|conmonstro|3|0|10|OK|commonstro|8|0|10
OK|conmorior|2|0|10|OK|commorior|6|0|10
OK|conmoror|2|0|10|OK|commoror|8|0|10
OK|conpaciscor|2|0|10|OK|compaciscor|4|0|10
OK|conpareo|3|0|10|OK|compareo|9|0|10
OK|conpenso|3|0|10|OK|compenso|9|0|10
OK|conperior|2|0|10|OK|comperior|5|0|10
OK|conplexio|2|0|10|OK|complexio|7|0|10
OK|conplico|3|0|10|OK|complico|9|0|10
OK|conploratio|2|0|10|OK|comploratio|8|0|10
OK|conpono|4|0|10|OK|compono|9|0|10
OK|conportatio|2|0|10|OK|comportatio|4|0|10
OK|conprecor|2|0|10|OK|comprecor|7|0|10
OK|conpressor|2|0|10|OK|compressor|4|0|10
OK|corrado|6|0|10|OK|conrado|3|0|10
OK|corrasus|3|0|10|OK|conrasus|2|0|10
OK|corrationalitas|4|0|10|OK|conrationalitas|2|0|10
OK|correctio|7|0|10|OK|conrectio|2|0|10
OK|corrideo|5|0|10|OK|conrideo|3|0|10
OK|corrogo|9|0|10|OK|conrogo|3|0|10
OK|corrudis|2|0|10|OK|conrudis|2|0|10
OK|exsacrifico|5|0|10|OK|exacrifico|2|0|10
OK|exsaevio|5|0|10|OK|exaevio|2|0|10
OK|exsanguinatus|4|0|10|OK|exanguinatus|2|0|10
OK|exsanguis|9|0|10|OK|exanguis|4|0|10
OK|exsanio|5|0|10|OK|exanio|3|0|10
OK|exsarcio|7|0|10|OK|exarcio|3|0|10
OK|exsatio|9|0|10|OK|exatio|4|0|10
OK|exsaturo|8|0|10|OK|exaturo|2|0|10
OK|exscalpo|4|0|10|OK|excalpo|2|0|10
OK|exscidium|4|0|10|OK|excidium|7|0|10
OK|exscindo|8|0|10|OK|excindo|7|0|10
OK|exscissatus|3|0|10|OK|excissatus|3|0|10
OK|exscreabilis|4|0|10|OK|excreabilis|2|0|10
OK|exscreatio|5|0|10|OK|excreatio|2|0|10
OK|exscreatus|4|0|10|OK|excreatus|2|0|10
OK|exscreo|6|0|10|OK|excreo|3|0|10
OK|exscribo|9|0|10|OK|excribo|3|0|10
OK|exsculpo|7|0|10|OK|exculpo|4|0|10
OK|exseco|8|0|10|OK|execo|5|0|10
OK|exsecrabilis|9|0|10|OK|execrabilis|4|0|10
OK|exsecrabilitas|4|0|10|OK|execrabilitas|2|0|10
OK|exsecramentum|4|0|10|OK|execramentum|2|0|10
OK|exsecror|8|0|10|OK|execror|3|0|10
OK|exsecutus|5|0|10|OK|executus|2|0|10
OK|exsensus|4|0|10|OK|exensus|2|0|10
OK|exsequens|5|0|10|OK|exequens|2|0|10
OK|exsequiae|8|0|10|OK|exequiae|7|0|10
OK|exsequialis|7|0|10|OK|exequialis|3|0|10
OK|exsequior|4|0|10|OK|exequior|2|0|10
OK|exsequor|8|0|10|OK|exequor|4|0|10
OK|exsercio|3|0|10|OK|exercio|3|0|10
OK|exsero|8|0|10|OK|exero|7|0|10
OK|exserte|4|0|10|OK|exerte|2|0|10
OK|exserto|6|0|10|OK|exerto|4|0|10
OK|exsertus|6|0|10|OK|exertus|4|0|10
OK|exsibilo|7|0|10|OK|exibilo|3|0|10
OK|exsiccesco|4|0|10|OK|exiccesco|2|0|10
OK|exsicco|7|0|10|OK|exicco|4|0|10
OK|exsico|4|0|10|OK|exico|5|0|10
OK|exsigno|6|0|10|OK|exigno|2|0|10
OK|exsilium|8|0|10|OK|exilium|7|0|10
OK|exsistentia|3|0|10|OK|existentia|2|0|10
OK|exsistentialis|2|0|10|OK|existentialis|3|0|10
OK|exsistentialitas|2|0|10|OK|existentialitas|2|0|10
OK|exsisto|9|0|10|OK|existo|7|0|10
OK|exsolesco|4|0|10|OK|exolesco|9|0|10
OK|exsoletus|2|0|10|OK|exoletus|5|0|10
OK|exsolo|3|0|10|OK|exolo|2|0|10
OK|exsolvo|9|0|10|OK|exolvo|5|0|10
OK|exsomnis|7|0|10|OK|exomnis|2|0|10
OK|exsorbeo|6|0|10|OK|exorbeo|3|0|10
OK|exsordesco|4|0|10|OK|exordesco|2|0|10
OK|exspectatio|8|0|10|OK|expectatio|5|0|10
OK|exspectatus|6|0|10|OK|expectatus|2|0|10
OK|exspersus|3|0|10|OK|expersus|2|0|10
OK|exspiratio|6|0|10|OK|expiratio|2|0|10
OK|exspiro|9|0|10|OK|expiro|7|0|10
OK|exsplendesco|7|0|10|OK|explendesco|3|0|10
OK|exspoliatio|4|0|10|OK|expoliatio|3|0|10
OK|exspretus|3|0|10|OK|expretus|3|0|10
OK|exspuitio|4|0|10|OK|expuitio|2|0|10
OK|exspumo|4|0|10|OK|expumo|2|0|10
OK|exspuo|9|0|10|OK|expuo|7|0|10
OK|extantia|2|0|10|OK|exstantia|4|0|10
OK|extasis|3|0|10|OK|exstasis|4|0|10
OK|externo|7|0|10|OK|exsterno|8|0|10
OK|extillo|3|0|10|OK|exstillo|6|0|10
OK|extimulo|5|0|10|OK|exstimulo|8|0|10
OK|extinguo|7|0|10|OK|exstinguo|9|0|10
OK|extirpatio|2|0|10|OK|exstirpatio|4|0|10
OK|extirpator|2|0|10|OK|exstirpator|4|0|10
OK|extirpo|3|0|10|OK|exstirpo|7|0|10
OK|exto|6|0|10|OK|exsto|8|0|10
OK|extructus|2|0|10|OK|exstructus|5|0|10
OK|extruo|7|0|10|OK|exstruo|9|0|10
OK|exuccus|3|0|10|OK|exsuccus|3|0|10
OK|exucidus|2|0|10|OK|exsucidus|4|0|10
OK|exuco|2|0|10|OK|exsuco|3|0|10
OK|exuctus|2|0|10|OK|exsuctus|4|0|10
OK|exudatio|2|0|10|OK|exsudatio|3|0|10
OK|exudo|5|0|10|OK|exsudo|8|0|10
OK|exufflator|2|0|10|OK|exsufflator|3|0|10
OK|exufflo|2|0|10|OK|exsufflo|5|0|10
OK|exugeo|2|0|10|OK|exsugeo|3|0|10
OK|exugo|3|0|10|OK|exsugo|5|0|10
OK|exul|5|0|10|OK|exsul|8|0|10
OK|exularis|2|0|10|OK|exsularis|4|0|10
OK|exulatio|2|0|10|OK|exsulatio|4|0|10
OK|exulator|2|0|10|OK|exsulator|3|0|10
OK|exulatus|2|0|10|OK|exsulatus|4|0|10
OK|exulo|6|0|10|OK|exsulo|9|0|10
OK|exulor|2|0|10|OK|exsulor|3|0|10
OK|exultabundus|2|0|10|OK|exsultabundus|4|0|10
OK|exultans|2|0|10|OK|exsultans|6|0|10
OK|exultanter|2|0|10|OK|exsultanter|5|0|10
OK|exultantia|2|0|10|OK|exsultantia|4|0|10
OK|exultatio|3|0|10|OK|exsultatio|7|0|10
OK|exultativus|2|0|10|OK|exsultativus|3|0|10
OK|exultim|3|0|10|OK|exsultim|6|0|10
OK|exulto|5|0|10|OK|exsulto|9|0|10
OK|exuperabilis|4|0|10|OK|exsuperabilis|8|0|10
OK|exuperans|2|0|10|OK|exsuperans|5|0|10
OK|exuperantia|2|0|10|OK|exsuperantia|7|0|10
OK|exuperatio|2|0|10|OK|exsuperatio|4|0|10
OK|exuperatorius|2|0|10|OK|exsuperatorius|4|0|10
OK|exuperius|2|0|10|OK|exsuperius|2|0|10
OK|exupero|6|0|10|OK|exsupero|8|0|10
OK|exurdo|3|0|10|OK|exsurdo|7|0|10
OK|exurgo|6|0|10|OK|exsurgo|9|0|10
OK|exuscitatio|2|0|10|OK|exsuscitatio|4|0|10
OK|exuscito|2|0|10|OK|exsuscito|8|0|10
OK|inberbis|3|0|10|OK|imberbis|8|0|10
OK|inlabefactus|4|0|10|OK|illabefactus|5|0|10
OK|inlabor|4|0|10|OK|illabor|7|0|10
OK|inlaboratus|3|0|10|OK|illaboratus|5|0|10
OK|inlaboro|5|0|10|OK|illaboro|6|0|10
OK|inlacerabilis|2|0|10|OK|illacerabilis|4|0|10
OK|inlacessitus|3|0|10|OK|illacessitus|5|0|10
OK|inlacrimabilis|3|0|10|OK|illacrimabilis|7|0|10
OK|inlacrimo|6|0|10|OK|illacrimo|7|0|10
OK|inlacrimor|4|0|10|OK|illacrimor|5|0|10
OK|inlaesus|4|0|10|OK|illaesus|7|0|10
OK|inlaetabilis|4|0|10|OK|illaetabilis|7|0|10
OK|inlamentatus|3|0|10|OK|illamentatus|4|0|10
OK|inlaqueatus|2|0|10|OK|illaqueatus|4|0|10
OK|inlaqueo|4|0|10|OK|illaqueo|7|0|10
OK|inlargio|2|0|10|OK|illargio|3|0|10
OK|inlatabilis|2|0|10|OK|illatabilis|4|0|10
OK|inlatebro|2|0|10|OK|illatebro|4|0|10
OK|inlatio|3|0|10|OK|illatio|4|0|10
OK|inlativus|2|0|10|OK|illativus|4|0|10
OK|inlatro|3|0|10|OK|illatro|4|0|10
OK|inlatus|4|0|10|OK|illatus|4|0|10
OK|inlaudabilis|3|0|10|OK|illaudabilis|5|0|10
OK|inlaudandus|2|0|10|OK|illaudandus|3|0|10
OK|inlaudatus|4|0|10|OK|illaudatus|5|0|10
OK|inlautus|3|0|10|OK|illautus|3|0|10
OK|inlecebra|4|0|10|OK|illecebra|7|0|10
OK|inlecebro|3|0|10|OK|illecebro|4|0|10
OK|inlecebrosus|3|0|10|OK|illecebrosus|4|0|10
OK|inlectamentum|3|0|10|OK|illectamentum|4|0|10
OK|inlectatio|2|0|10|OK|illectatio|4|0|10
OK|inlectio|2|0|10|OK|illectio|3|0|10
OK|inlecto|3|0|10|OK|illecto|5|0|10
OK|inlegitimus|3|0|10|OK|illegitimus|4|0|10
OK|inlepide|4|0|10|OK|illepide|5|0|10
OK|inlepidus|4|0|10|OK|illepidus|6|0|10
OK|inlibabilis|2|0|10|OK|illibabilis|4|0|10
OK|inlibatus|5|0|10|OK|illibatus|5|0|10
OK|inliberalis|5|0|10|OK|illiberalis|7|0|10
OK|inliberalitas|4|0|10|OK|illiberalitas|4|0|10
OK|inliberaliter|4|0|10|OK|illiberaliter|5|0|10
OK|inlicio|4|0|10|OK|illicio|9|0|10
OK|inlicitatio|2|0|10|OK|illicitatio|3|0|10
OK|inlicitator|4|0|10|OK|illicitator|5|0|10
OK|inlicitus|5|0|10|OK|illicitus|6|0|10
OK|inlicium|3|0|10|OK|illicium|4|0|10
OK|inlido|4|0|10|OK|illido|8|0|10
OK|inligamentum|2|0|10|OK|illigamentum|3|0|10
OK|inligatio|2|0|10|OK|illigatio|4|0|10
OK|inligo|4|0|10|OK|illigo|8|0|10
OK|inlimis|5|0|10|OK|illimis|6|0|10
OK|inlinimentum|3|0|10|OK|illinimentum|4|0|10
OK|inlinio|2|0|10|OK|illinio|4|0|10
OK|inlino|5|0|10|OK|illino|9|0|10
OK|inliquefactus|3|0|10|OK|illiquefactus|5|0|10
OK|inliquor|2|0|10|OK|illiquor|4|0|10
OK|inlisio|2|0|10|OK|illisio|4|0|10
OK|inlitteratus|4|0|10|OK|illitteratus|4|0|10
OK|inlocabilis|3|0|10|OK|illocabilis|4|0|10
OK|inlotus|4|0|10|OK|illotus|5|0|10
OK|inlubrico|2|0|10|OK|illubrico|3|0|10
OK|inluceo|3|0|10|OK|illuceo|5|0|10
OK|inlucesco|4|0|10|OK|illucesco|8|0|10
OK|inluctans|2|0|10|OK|illuctans|3|0|10
OK|inludo|4|0|10|OK|illudo|8|0|10
OK|inluminate|4|0|10|OK|illuminate|4|0|10
OK|inlumino|5|0|10|OK|illumino|8|0|10
OK|inluminus|3|0|10|OK|illuminus|4|0|10
OK|inlunis|4|0|10|OK|illunis|4|0|10
OK|inlusio|4|0|10|OK|illusio|4|0|10
OK|inlusor|2|0|10|OK|illusor|4|0|10
OK|inlustramentum|2|0|10|OK|illustramentum|4|0|10
OK|inlustratio|2|0|10|OK|illustratio|4|0|10
OK|inlustrator|2|0|10|OK|illustrator|4|0|10
OK|inlustris|5|0|10|OK|illustris|7|0|10
OK|inlustro|5|0|10|OK|illustro|8|0|10
OK|inlusus|3|0|10|OK|illusus|4|0|10
OK|inlutilis|3|0|10|OK|illutilis|4|0|10
OK|inluvies|5|0|10|OK|illuvies|6|0|10
OK|inmerito|2|0|10|OK|immerito|6|0|10
OK|inmoenis|2|0|10|OK|immoenis|3|0|10
OK|inpeditus|3|0|10|OK|impeditus|6|0|10
OK|inpello|4|0|10|OK|impello|9|0|10
OK|inpertio|3|0|10|OK|impertio|9|0|10
OK|inpilia|2|0|10|OK|impilia|4|0|10
OK|inplacabilis|3|0|10|OK|implacabilis|8|0|10
OK|inplacidus|3|0|10|OK|implacidus|5|0|10
OK|inplumis|3|0|10|OK|implumis|7|0|10
OK|inpluo|2|0|10|OK|impluo|8|0|10
OK|inpraesentiarum|3|0|10|OK|impraesentiarum|6|0|10
OK|inprimis|4|0|10|OK|imprimis|7|0|10
OK|inpromptus|2|0|10|OK|impromptus|6|0|10
OK|inprosper|2|0|10|OK|improsper|6|0|10
OK|inpugno|3|0|10|OK|impugno|8|0|10
OK|inpunitus|3|0|10|OK|impunitus|7|0|10
OK|inpurus|3|0|10|OK|impurus|7|0|10
OK|irraucesco|5|0|10|OK|inraucesco|3|0|10
OK|irreligatus|4|0|10|OK|inreligatus|2|0|10
OK|irreligiose|4|0|10|OK|inreligiose|2|0|10
OK|irreligiosus|5|0|10|OK|inreligiosus|3|0|10
OK|irremeabilis|7|0|10|OK|inremeabilis|3|0|10
OK|irreparabilis|8|0|10|OK|inreparabilis|4|0|10
OK|irrepertus|5|0|10|OK|inrepertus|2|0|10
OK|irrepo|7|0|10|OK|inrepo|5|0|10
OK|irreprehensus|7|0|10|OK|inreprehensus|2|0|10
OK|irrequietus|5|0|10|OK|inrequietus|2|0|10
OK|irresectus|4|0|10|OK|inresectus|2|0|10
OK|irresolutus|4|0|10|OK|inresolutus|2|0|10
OK|irretio|7|0|10|OK|inretio|4|0|10
OK|irretortus|4|0|10|OK|inretortus|2|0|10
OK|irreverentia|6|0|10|OK|inreverentia|2|0|10
OK|irrevocabilis|7|0|10|OK|inrevocabilis|3|0|10
OK|irrevocatus|4|0|10|OK|inrevocatus|2|0|10
OK|irrideo|8|0|10|OK|inrideo|5|0|10
OK|irridicule|6|0|10|OK|inridicule|2|0|10
OK|irridiculum|4|0|10|OK|inridiculum|2|0|10
OK|irrigatio|5|0|10|OK|inrigatio|3|0|10
OK|irrigo|8|0|10|OK|inrigo|5|0|10
OK|irriguus|6|0|10|OK|inriguus|4|0|10
OK|irrimor|2|0|10|OK|inrimor|2|0|10
OK|irrisio|5|0|10|OK|inrisio|4|0|10
OK|irrisor|7|0|10|OK|inrisor|4|0|10
OK|irritabilis|7|0|10|OK|inritabilis|4|0|10
OK|irritabilitas|4|0|10|OK|inritabilitas|2|0|10
OK|irritamen|6|0|10|OK|inritamen|3|0|10
OK|irritamentum|6|0|10|OK|inritamentum|3|0|10
OK|irritatio|6|0|10|OK|inritatio|4|0|10
OK|irritator|5|0|10|OK|inritator|2|0|10
OK|irrogatio|5|0|10|OK|inrogatio|4|0|10
OK|irrogo|6|0|10|OK|inrogo|5|0|10
OK|irroro|7|0|10|OK|inroro|4|0|10
OK|irructo|4|0|10|OK|inructo|3|0|10
OK|irrumatio|3|0|10|OK|inrumatio|3|0|10
OK|irrumator|3|0|10|OK|inrumator|2|0|10
OK|irrumo|5|0|10|OK|inrumo|5|0|10
OK|irrumpo|8|0|10|OK|inrumpo|5|0|10
OK|irruo|8|0|10|OK|inruo|5|0|10
OK|irruptio|6|0|10|OK|inruptio|3|0|10
OK|irrutilo|4|0|10|OK|inrutilo|2|0|10
OK|occaeco|8|0|10|OK|obcaeco|4|0|10
OK|occallatus|4|0|10|OK|obcallatus|3|0|10
OK|occallesco|8|0|10|OK|obcallesco|4|0|10
OK|occulco|8|0|10|OK|obculco|3|0|10
OK|offigo|6|0|10|OK|obfigo|3|0|10
OK|offirmate|4|0|10|OK|obfirmate|3|0|10
OK|offirmatus|6|0|10|OK|obfirmatus|2|0|10
OK|offirmo|9|0|10|OK|obfirmo|4|0|10
OK|offlecto|4|0|10|OK|obflecto|2|0|10
OK|offrenatus|4|0|10|OK|obfrenatus|3|0|10
OK|offringo|5|0|10|OK|obfringo|3|0|10
OK|offundo|9|0|10|OK|obfundo|3|0|10
OK|offusus|5|0|10|OK|obfusus|3|0|10
OK|opporto|3|0|10|OK|obporto|3|0|10
OK|opprobro|6|0|10|OK|obprobro|3|0|10
OK|oppugnatio|8|0|10|OK|obpugnatio|3|0|10
OK|oppugnator|7|0|10|OK|obpugnator|3|0|10
OK|opscus|2|0|10|OK|obscus|2|0|10
OK|opsecro|4|0|10|OK|obsecro|9|0|10
OK|opsecula|2|0|10|OK|obsecula|2|0|10
OK|opsonatio|3|0|10|OK|obsonatio|4|0|10
OK|opsonator|4|0|10|OK|obsonator|5|0|10
OK|opsonatus|3|0|10|OK|obsonatus|5|0|10
OK|opsonito|2|0|10|OK|obsonito|4|0|10
OK|opsonium|4|0|10|OK|obsonium|7|0|10
OK|opstetrix|2|0|10|OK|obstetrix|7|0|10
OK|succeno|2|0|10|OK|subceno|4|0|10
OK|succentivus|4|0|10|OK|subcentivus|2|0|10
OK|succerno|3|0|10|OK|subcerno|5|0|10
OK|succingo|9|0|10|OK|subcingo|2|0|10
OK|succlamo|9|0|10|OK|subclamo|4|0|10
OK|succoelestis|3|0|10|OK|subcoelestis|2|0|10
OK|succoeno|3|0|10|OK|subcoeno|2|0|10
OK|succontumeliose|2|0|10|OK|subcontumeliose|5|0|10
OK|succrepo|3|0|10|OK|subcrepo|3|0|10
OK|succresco|9|0|10|OK|subcresco|6|0|10
OK|succretus|3|0|10|OK|subcretus|3|0|10
OK|succrispus|2|0|10|OK|subcrispus|6|0|10
OK|succrotillus|4|0|10|OK|subcrotillus|3|0|10
OK|succumbo|9|0|10|OK|subcumbo|5|0|10
OK|succumbus|3|0|10|OK|subcumbus|4|0|10
OK|succurator|2|0|10|OK|subcurator|4|0|10
OK|succurro|8|0|10|OK|subcurro|2|0|10
OK|succursor|3|0|10|OK|subcursor|3|0|10
OK|succus|4|0|10|OK|subcus|2|0|10
OK|succutio|9|0|10|OK|subcutio|3|0|10
OK|suffarcino|6|0|10|OK|subfarcino|3|0|10
OK|suffermentatus|3|0|10|OK|subfermentatus|3|0|10
OK|suffero|9|0|10|OK|subfero|4|0|10
OK|suffervefacio|4|0|10|OK|subfervefacio|4|0|10
OK|sufferveo|3|0|10|OK|subferveo|3|0|10
OK|suffibulum|4|0|10|OK|subfibulum|2|0|10
OK|suffigo|9|0|10|OK|subfigo|2|0|10
OK|suffio|9|0|10|OK|subfio|2|0|10
OK|sufflavus|3|0|10|OK|subflavus|4|0|10
OK|sufflo|7|0|10|OK|subflo|3|0|10
OK|suffodio|9|0|10|OK|subfodio|5|0|10
OK|suffossio|5|0|10|OK|subfossio|2|0|10
OK|suffragatio|7|0|10|OK|subfragatio|3|0|10
OK|suffrico|5|0|10|OK|subfrico|3|0|10
OK|suffrigide|3|0|10|OK|subfrigide|3|0|10
OK|suffrigidus|4|0|10|OK|subfrigidus|2|0|10
OK|suffringo|6|0|10|OK|subfringo|3|0|10
OK|suffugio|7|0|10|OK|subfugio|2|0|10
OK|suffulcio|7|0|10|OK|subfulcio|3|0|10
OK|suffulgeo|4|0|10|OK|subfulgeo|2|0|10
OK|suffumigo|5|0|10|OK|subfumigo|2|0|10
OK|suffundatus|3|0|10|OK|subfundatus|3|0|10
OK|suffuror|4|0|10|OK|subfuror|3|0|10
OK|suffusculus|2|0|10|OK|subfusculus|3|0|10
OK|suffuscus|4|0|10|OK|subfuscus|3|0|10
OK|suffusio|5|0|10|OK|subfusio|3|0|10
OK|suggero|9|0|10|OK|subgero|4|0|10
OK|suggestio|4|0|10|OK|subgestio|3|0|10
OK|sugglutio|4|0|10|OK|subglutio|3|0|10
OK|suggrandis|6|0|10|OK|subgrandis|3|0|10
OK|suggredior|7|0|10|OK|subgredior|3|0|10
OK|suggrunda|4|0|10|OK|subgrunda|3|0|10
OK|suggrundarium|3|0|10|OK|subgrundarium|2|0|10
OK|suggrundatio|3|0|10|OK|subgrundatio|3|0|10
OK|suggrundium|2|0|10|OK|subgrundium|2|0|10
OK|suggrunnio|4|0|10|OK|subgrunnio|3|0|10
OK|summanes|4|0|10|OK|submanes|2|0|10
OK|summano|4|0|10|OK|submano|2|0|10
OK|summanus|4|0|10|OK|submanus|2|0|10
OK|summedius|2|0|10|OK|submedius|4|0|10
OK|summejo|2|0|10|OK|submejo|2|0|10
OK|summejulus|2|0|10|OK|submejulus|2|0|10
OK|summemmium|2|0|10|OK|submemmium|2|0|10
OK|summergo|4|0|10|OK|submergo|9|0|10
OK|summersio|2|0|10|OK|submersio|4|0|10
OK|summerso|2|0|10|OK|submerso|3|0|10
OK|summerus|2|0|10|OK|submerus|4|0|10
OK|summigratio|2|0|10|OK|submigratio|4|0|10
OK|summinia|2|0|10|OK|subminia|4|0|10
OK|sumministratio|2|0|10|OK|subministratio|4|0|10
OK|sumministrator|2|0|10|OK|subministrator|5|0|10
OK|sumministro|4|0|10|OK|subministro|9|0|10
OK|summisse|4|0|10|OK|submisse|6|0|10
OK|summissim|3|0|10|OK|submissim|5|0|10
OK|summissio|3|0|10|OK|submissio|6|0|10
OK|summitto|4|0|10|OK|submitto|9|0|10
OK|summoenium|3|0|10|OK|submoenium|2|0|10
OK|summoleste|2|0|10|OK|submoleste|6|0|10
OK|summolestus|2|0|10|OK|submolestus|6|0|10
OK|summoneo|5|0|10|OK|submoneo|6|0|10
OK|summonstro|3|0|10|OK|submonstro|3|0|10
OK|summorosus|2|0|10|OK|submorosus|7|0|10
OK|summotatio|2|0|10|OK|submotatio|3|0|10
OK|summotor|2|0|10|OK|submotor|2|0|10
OK|summotus|3|0|10|OK|submotus|4|0|10
OK|summoveo|5|0|10|OK|submoveo|9|0|10
OK|summurmuro|3|0|10|OK|submurmuro|5|0|10
OK|summussus|3|0|10|OK|submussus|2|0|10
OK|summuto|5|0|10|OK|submuto|7|0|10
OK|supter|2|0|10|OK|subter|8|0|10
OK|suptilitas|2|0|10|OK|subtilitas|6|0|10
Isol|adcenseo|1|0|10|OK|accenseo|8|0|10
Isol|adclinis|2|0|10|OK|acclinis|9|0|10
Isol|adclino|2|0|10|OK|acclino|9|0|10
Isol|adclivitas|1|0|10|OK|acclivitas|6|0|10
Isol|adcommodate|1|0|10|OK|accommodate|6|0|10
Isol|adcommodatio|1|0|10|OK|accommodatio|7|0|10
Isol|adcommodatus|1|0|10|OK|accommodatus|7|0|10
Isol|adcorporo|1|0|10|OK|accorporo|5|0|10
Isol|adcretus|1|0|10|OK|accretus|3|0|10
Isol|adcumulate|1|0|10|OK|accumulate|6|0|10
Isol|adcumulatio|1|0|10|OK|accumulatio|4|0|10
Isol|adcumulo|2|0|10|OK|accumulo|8|0|10
Isol|adcurro|2|0|10|OK|accurro|9|0|10
Isol|adcursus|1|0|10|OK|accursus|8|0|10
Isol|adf|1|0|10|OK|aff|3|0|10
Isol|adgar|1|0|10|OK|aggar|3|0|10
Isol|adgeratio|1|0|10|OK|aggeratio|4|0|10
Isol|adlenimentum|1|0|10|OK|allenimentum|4|0|10
Isol|adpango|2|0|10|OK|appango|3|0|10
Isol|adparenter|1|0|10|OK|apparenter|3|0|10
Isol|adparentia|1|0|10|OK|apparentia|4|0|10
Isol|adpectoro|2|0|10|OK|appectoro|4|0|10
Isol|adpendeo|2|0|10|OK|appendeo|5|0|10
Isol|adpensus|1|0|10|OK|appensus|5|0|10
Isol|adpetibilis|2|0|10|OK|appetibilis|5|0|10
Isol|adpetitorius|1|0|10|OK|appetitorius|2|0|10
Isol|adplosus|1|0|10|OK|applosus|3|0|10
Isol|adplumbatus|1|0|10|OK|applumbatus|3|0|10
Isol|adposite|1|0|10|OK|apposite|6|0|10
Isol|adpositio|1|0|10|OK|appositio|5|0|10
Isol|adpositum|1|0|10|OK|appositum|4|0|10
Isol|adpressus|1|0|10|OK|appressus|3|0|10
Isol|adprobatus|1|0|10|OK|approbatus|4|0|10
Isol|adproperatus|1|0|10|OK|approperatus|3|0|10
Isol|adpropriatio|1|0|10|OK|appropriatio|4|0|10
Isol|adproprio|2|0|10|OK|approprio|5|0|10
Isol|adreptus|1|0|10|OK|arreptus|3|0|10
Isol|adscalpo|1|0|10|OK|ascalpo|5|0|10
Isol|adscensor|1|0|10|OK|ascensor|4|0|10
Isol|adscriptus|1|0|10|OK|ascriptus|2|0|10
Isol|adsentiae|1|0|10|OK|assentiae|2|0|10
Isol|adsistrix|1|0|10|OK|assistrix|3|0|10
Isol|adsocietas|1|0|10|OK|associetas|3|0|10
Isol|adsolido|1|0|10|OK|assolido|2|0|10
Isol|adsonatio|1|0|10|OK|assonatio|2|0|10
Isol|adspiramentum|1|0|10|OK|aspiramentum|3|0|10
Isol|adspirativus|1|0|10|OK|aspirativus|3|0|10
Isol|adst|1|0|10|OK|ast|7|0|10
Isol|adstrido|1|0|10|OK|astrido|2|0|10
Isol|adsumptor|1|0|10|OK|assumptor|3|0|10
Isol|adsumptrix|1|0|10|OK|assumptrix|2|0|10
Isol|adsurrexi|1|0|10|OK|assurrexi|3|0|10
Isol|adtamino|1|0|10|OK|attamino|5|0|10
Isol|adtempto|2|0|10|OK|attempto|4|0|10
Isol|adtermino|2|0|10|OK|attermino|5|0|10
Isol|adtestatio|1|0|10|OK|attestatio|4|0|10
Isol|adtestator|1|0|10|OK|attestator|2|0|10
Isol|adtinguo|1|0|10|OK|attinguo|2|0|10
Isol|adtitulatio|1|0|10|OK|attitulatio|2|0|10
Isol|adtollentia|1|0|10|OK|attollentia|2|0|10
Isol|adtonsio|1|0|10|OK|attonsio|2|0|10
Isol|adtrepido|2|0|10|OK|attrepido|5|0|10
Isol|adtributor|1|0|10|OK|attributor|2|0|10
Isol|adtributum|1|0|10|OK|attributum|5|0|10
Isol|adtritio|1|0|10|OK|attritio|4|0|10
Isol|adtropo|1|0|10|OK|attropo|2|0|10
Isol|adtubernalis|1|0|10|OK|attubernalis|4|0|10
Isol|adtueor|1|0|10|OK|attueor|2|0|10
Isol|adturatio|1|0|10|OK|atturatio|2|0|10
Isol|affabulatio|1|0|10|OK|adfabulatio|2|0|10
Isol|affaniae|1|0|10|Isol|adfaniae|1|0|10
Isol|affatio|1|0|10|OK|adfatio|2|0|10
Isol|affaveo|1|0|10|OK|adfaveo|2|0|10
Isol|affectate|1|0|10|OK|adfectate|2|0|10
Isol|affectaticius|1|0|10|OK|adfectaticius|2|0|10
Isol|affectato|1|0|10|OK|adfectato|3|0|10
Isol|affectatus|1|0|10|OK|adfectatus|4|0|10
Isol|affectionalis|1|0|10|OK|adfectionalis|2|0|10
Isol|affectivus|1|0|10|OK|adfectivus|2|0|10
Isol|affectuose|1|0|10|OK|adfectuose|3|0|10
Isol|afferenda|1|0|10|Isol|adferenda|1|0|10
Isol|affestino|1|0|10|OK|adfestino|2|0|10
Isol|affictio|1|0|10|OK|adfictio|2|0|10
Isol|affictitius|1|0|10|Isol|adfictitius|1|0|10
Isol|affictus|1|0|10|OK|adfictus|4|0|10
Isol|affiliatio|1|0|10|Isol|adfiliatio|1|0|10
Isol|affirmanter|1|0|10|OK|adfirmanter|2|0|10
Isol|affirmative|1|0|10|OK|adfirmative|2|0|10
Isol|afflamen|1|0|10|OK|adflamen|2|0|10
Isol|afflatorius|1|0|10|OK|adflatorius|2|0|10
Isol|afflictim|1|0|10|OK|adflictim|2|0|10
Isol|afflictrix|2|0|10|OK|adflictrix|3|0|10
Isol|affluente|1|0|10|Isol|adfluente|1|0|10
Isol|affluitas|1|0|10|OK|adfluitas|2|0|10
Isol|affluxio|1|0|10|OK|adfluxio|2|0|10
Isol|affore|1|0|10|OK|adfore|5|0|10
Isol|afforem|1|0|10|Isol|adforem|1|0|10
Isol|affurcillo|1|0|10|OK|adfurcillo|2|0|10
Isol|affusio|1|0|10|OK|adfusio|2|0|10
Isol|aggestim|1|0|10|OK|adgestim|2|0|10
Isol|aggestum|1|0|10|OK|adgestum|3|0|10
Isol|agglutinatio|1|0|10|OK|adglutinatio|2|0|10
Isol|aggregatio|1|0|10|OK|adgregatio|2|0|10
Isol|all|1|0|10|Isol|adl|1|0|10
Isol|allabo|2|0|10|OK|adlabo|3|0|10
Isol|allacrimo|1|0|10|OK|adlacrimo|2|0|10
Isol|allectorius|1|0|10|OK|adlectorius|2|0|10
Isol|allegati|1|0|10|Isol|adlegati|1|0|10
Isol|allevaticius|1|0|10|OK|adlevaticius|2|0|10
Isol|allevatus|1|0|10|OK|adlevatus|3|0|10
Isol|allexi|1|0|10|OK|adlexi|2|0|10
Isol|alligamen|1|0|10|OK|adligamen|2|0|10
Isol|alligati|1|0|10|Isol|adligati|1|0|10
Isol|allinio|1|0|10|OK|adlinio|2|0|10
Isol|allisus|1|0|10|OK|adlisus|5|0|10
Isol|allocutivus|1|0|10|OK|adlocutivus|2|0|10
Isol|allocutor|1|0|10|OK|adlocutor|2|0|10
Isol|allocutus|1|0|10|OK|adlocutus|5|0|10
Isol|alluctamentum|1|0|10|OK|adluctamentum|2|0|10
Isol|appetulantia|1|0|10|Isol|adpetulantia|1|0|10
Isol|applex|2|0|10|Isol|adplex|2|0|10
Isol|applicaturus|1|0|10|Isol|adplicaturus|1|0|10
Isol|appliciturus|1|0|10|Isol|adpliciturus|1|0|10
Isol|applumbo|2|0|10|Isol|adplumbo|2|0|10
Isol|appuli|1|0|10|Isol|adpuli|1|0|10
Isol|aps|1|0|10|OK|abs|7|0|10
Isol|apsinthium|1|0|10|OK|absinthium|5|0|10
Isol|apsumo|2|0|10|OK|absumo|9|0|10
Isol|apsyrtis|1|0|10|OK|absyrtis|4|0|10
Isol|arreptans|1|0|10|OK|adreptans|3|0|10
Isol|asp|1|0|10|OK|adsp|3|0|10
Isol|assecula|2|0|10|OK|adsecula|3|0|10
Isol|asseque|1|0|10|Isol|adseque|1|0|10
Isol|assevi|1|0|10|OK|adsevi|2|0|10
Isol|assiduissime|1|0|10|Isol|adsiduissime|1|0|10
Isol|assimilanter|1|0|10|Isol|adsimilanter|1|0|10
Isol|assonus|1|0|10|Isol|adsonus|1|0|10
Isol|assubrigo|1|0|10|OK|adsubrigo|2|0|10
Isol|assudasso|1|0|10|Isol|adsudasso|1|0|10
Isol|assudo|1|0|10|OK|adsudo|2|0|10
Isol|assuefactus|1|0|10|OK|adsuefactus|2|0|10
Isol|assuevi|1|0|10|OK|adsuevi|2|0|10
Isol|astiti|1|0|10|OK|adstiti|2|0|10
Isol|astrangulatus|1|0|10|Isol|adstrangulatus|1|0|10
Isol|atterui|1|0|10|Isol|adterui|1|0|10
Isol|attestatus|1|0|10|Isol|adtestatus|1|0|10
Isol|attinctus|1|0|10|Isol|adtinctus|1|0|10
Isol|attolo|1|0|10|Isol|adtolo|1|0|10
Isol|attracto|2|0|10|Isol|adtracto|2|0|10
Isol|attrectabilis|1|0|10|Isol|adtrectabilis|1|0|10
Isol|attrectator|1|0|10|Isol|adtrectator|1|0|10
Isol|attribulatus|1|0|10|Isol|adtribulatus|1|0|10
Isol|attrivi|1|0|10|OK|adtrivi|2|0|10
Isol|attuli|1|0|10|OK|adtuli|2|0|10
Isol|attusus|1|0|10|Isol|adtusus|1|0|10
Isol|conl|2|0|10|Isol|coll|1|0|10
Isol|conlaboro|1|0|10|OK|collaboro|5|0|10
Isol|conlacrumo|2|0|10|Isol|collacrumo|2|0|10
Isol|conlactanea|1|0|10|OK|collactanea|2|0|10
Isol|conlaevo|1|0|10|OK|collaevo|2|0|10
Isol|conlativum|1|0|10|OK|collativum|3|0|10
Isol|conlectitius|1|0|10|OK|collectitius|2|0|10
Isol|conlevo|2|0|10|OK|collevo|6|0|10
Isol|conlibeo|1|0|10|OK|collibeo|4|0|10
Isol|conlibratio|1|0|10|OK|collibratio|2|0|10
Isol|conliciares|1|0|10|OK|colliciares|2|0|10
Isol|conliciaris|2|0|10|OK|colliciaris|3|0|10
Isol|conligate|1|0|10|OK|colligate|3|0|10
Isol|conligatius|1|0|10|Isol|colligatius|1|0|10
Isol|conlimito|2|0|10|OK|collimito|4|0|10
Isol|conlimitor|1|0|10|OK|collimitor|3|0|10
Isol|conlinio|2|0|10|Isol|collinio|2|0|10
Isol|conliquiae|1|0|10|OK|colliquiae|3|0|10
Isol|conlisio|1|0|10|OK|collisio|4|0|10
Isol|conlocatus|1|0|10|OK|collocatus|3|0|10
Isol|conlubet|1|0|10|OK|collubet|2|0|10
Isol|conluctatio|1|0|10|OK|colluctatio|5|0|10
Isol|conluctor|1|0|10|OK|colluctor|5|0|10
Isol|conlurcinatio|1|0|10|OK|collurcinatio|3|0|10
Isol|conlutito|2|0|10|Isol|collutito|2|0|10
Isol|conluvium|1|0|10|OK|colluvium|4|0|10
Isol|conmalaxo|1|0|10|OK|commalaxo|5|0|10
Isol|conmanduco|1|0|10|OK|commanduco|5|0|10
Isol|conmeatus|1|0|10|OK|commeatus|8|0|10
Isol|conmemini|1|0|10|OK|commemini|8|0|10
Isol|conmemorabilis|2|0|10|OK|commemorabilis|7|0|10
Isol|conmemoro|2|0|10|OK|commemoro|9|0|10
Isol|conmendo|1|0|10|OK|commendo|9|0|10
Isol|conmeo|1|0|10|OK|commeo|9|0|10
Isol|conmercium|1|0|10|OK|commercium|8|0|10
Isol|conmercor|1|0|10|OK|commercor|6|0|10
Isol|conmereor|1|0|10|OK|commereor|4|0|10
Isol|conmetior|1|0|10|OK|commetior|6|0|10
Isol|conmigro|1|0|10|OK|commigro|7|0|10
Isol|conminiscor|1|0|10|OK|comminiscor|8|0|10
Isol|conmisceo|1|0|10|OK|commisceo|9|0|10
Isol|conmitto|2|0|10|OK|committo|9|0|10
Isol|conmoneo|2|0|10|OK|commoneo|9|0|10
Isol|conmoveo|2|0|10|OK|commoveo|9|0|10
Isol|conmunico|2|0|10|OK|communico|9|0|10
Isol|conmuto|1|0|10|OK|commuto|9|0|10
Isol|conpactum|1|0|10|OK|compactum|6|0|10
Isol|conpar|2|0|10|OK|compar|9|0|10
Isol|conparatio|1|0|10|OK|comparatio|8|0|10
Isol|conparco|2|0|10|OK|comparco|6|0|10
Isol|conparo|2|0|10|OK|comparo|9|0|10
Isol|conpedio|2|0|10|OK|compedio|7|0|10
Isol|conpensatio|1|0|10|OK|compensatio|6|0|10
Isol|conpeto|2|0|10|OK|competo|9|0|10
Isol|conplector|1|0|10|OK|complector|8|0|10
Isol|conpleo|2|0|10|OK|compleo|9|0|10
Isol|conploro|2|0|10|OK|comploro|9|0|10
Isol|conpluriens|1|0|10|OK|compluriens|4|0|10
Isol|conplusculi|1|0|10|OK|complusculi|5|0|10
Isol|conporto|2|0|10|OK|comporto|9|0|10
Isol|conpos|2|0|10|OK|compos|9|0|10
Isol|conposite|1|0|10|OK|composite|6|0|10
Isol|conpositio|1|0|10|OK|compositio|7|0|10
Isol|conpositor|1|0|10|OK|compositor|7|0|10
Isol|conpositum|1|0|10|OK|compositum|2|0|10
Isol|conpotio|2|0|10|OK|compotio|5|0|10
Isol|conpotrix|1|0|10|OK|compotrix|5|0|10
Isol|conprehendo|2|0|10|OK|comprehendo|9|0|10
Isol|conprehensibilis|2|0|10|OK|comprehensibilis|7|0|10
Isol|conprehensio|1|0|10|OK|comprehensio|7|0|10
Isol|conprendo|2|0|10|OK|comprendo|7|0|10
Isol|conpressio|1|0|10|OK|compressio|7|0|10
Isol|conprimo|2|0|10|OK|comprimo|9|0|10
Isol|conprobo|2|0|10|OK|comprobo|9|0|10
Isol|conpromitto|2|0|10|OK|compromitto|7|0|10
Isol|conpungo|2|0|10|OK|compungo|8|0|10
Isol|conputo|2|0|10|OK|computo|9|0|10
Isol|conputresco|2|0|10|OK|computresco|6|0|10
Isol|conrector|1|0|10|OK|corrector|7|0|10
Isol|conrectura|1|0|10|OK|correctura|4|0|10
Isol|conrectus|1|0|10|OK|correctus|6|0|10
Isol|conrecumbens|2|0|10|OK|correcumbens|4|0|10
Isol|conregno|2|0|10|OK|corregno|5|0|10
Isol|conrepo|2|0|10|OK|correpo|8|0|10
Isol|conrepte|1|0|10|OK|correpte|5|0|10
Isol|conreptio|1|0|10|OK|correptio|5|0|10
Isol|conreptor|1|0|10|OK|correptor|5|0|10
Isol|conreptus|1|0|10|OK|correptus|5|0|10
Isol|conresupinatus|1|0|10|OK|corresupinatus|4|0|10
Isol|conresuscito|2|0|10|OK|corresuscito|5|0|10
Isol|conreus|1|0|10|OK|correus|4|0|10
Isol|conrigia|1|0|10|OK|corrigia|5|0|10
Isol|conrigo|2|0|10|OK|corrigo|9|0|10
Isol|conripio|2|0|10|OK|corripio|9|0|10
Isol|conrivalis|1|0|10|OK|corrivalis|4|0|10
Isol|conrivatio|1|0|10|OK|corrivatio|4|0|10
Isol|conrivium|1|0|10|OK|corrivium|4|0|10
Isol|conrivo|2|0|10|OK|corrivo|7|0|10
Isol|conroboramentum|1|0|10|OK|corroboramentum|4|0|10
Isol|conroboro|2|0|10|OK|corroboro|9|0|10
Isol|conrodo|2|0|10|OK|corrodo|7|0|10
Isol|conrogatio|1|0|10|OK|corrogatio|4|0|10
Isol|conrosus|1|0|10|OK|corrosus|4|0|10
Isol|conrotundo|2|0|10|OK|corrotundo|6|0|10
Isol|conruda|1|0|10|OK|corruda|4|0|10
Isol|conrugis|2|0|10|OK|corrugis|5|0|10
Isol|conrugo|2|0|10|OK|corrugo|9|0|10
Isol|conrugus|1|0|10|OK|corrugus|4|0|10
Isol|conrumpo|2|0|10|OK|corrumpo|9|0|10
Isol|conruo|2|0|10|OK|corruo|9|0|10
Isol|conrupte|1|0|10|OK|corrupte|6|0|10
Isol|conruptela|1|0|10|OK|corruptela|8|0|10
Isol|conruptibilis|2|0|10|OK|corruptibilis|5|0|10
Isol|conruptibilitas|1|0|10|OK|corruptibilitas|4|0|10
Isol|conruptio|1|0|10|OK|corruptio|8|0|10
Isol|conruptivus|1|0|10|OK|corruptivus|4|0|10
Isol|conruptor|1|0|10|OK|corruptor|8|0|10
Isol|conruptorius|1|0|10|OK|corruptorius|4|0|10
Isol|conruptrix|2|0|10|OK|corruptrix|7|0|10
Isol|conruptus|1|0|10|OK|corruptus|6|0|10
Isol|conruspor|1|0|10|OK|corruspor|4|0|10
Isol|corregione|1|0|10|Isol|conregione|1|0|10
Isol|execratio|2|0|10|OK|exsecratio|8|0|10
Isol|execrator|1|0|10|OK|exsecrator|4|0|10
Isol|exectio|1|0|10|OK|exsectio|6|0|10
Isol|exector|1|0|10|OK|exsector|4|0|10
Isol|exectus|1|0|10|OK|exsectus|5|0|10
Isol|executio|1|0|10|OK|exsecutio|6|0|10
Isol|executor|1|0|10|OK|exsecutor|5|0|10
Isol|exiccatus|1|0|10|OK|exsiccatus|6|0|10
Isol|exilica|1|0|10|OK|exsilica|2|0|10
Isol|existentialiter|1|0|10|OK|exsistentialiter|2|0|10
Isol|exono|1|0|10|OK|exsono|4|0|10
Isol|expectabilis|1|0|10|OK|exspectabilis|4|0|10
Isol|expectator|1|0|10|OK|exspectator|4|0|10
Isol|expectatrix|1|0|10|OK|exspectatrix|4|0|10
Isol|expes|2|0|10|OK|exspes|7|0|10
Isol|expoliator|1|0|10|OK|exspoliator|4|0|10
Isol|exscensio|1|0|10|OK|excensio|2|0|10
Isol|exscio|1|0|10|OK|excio|7|0|10
Isol|exsolui|1|0|10|Isol|exolui|1|0|10
Isol|exsternatus|1|0|10|OK|externatus|3|0|10
Isol|extimulator|1|0|10|OK|exstimulator|6|0|10
Isol|extinctio|1|0|10|OK|exstinctio|6|0|10
Isol|extinctor|1|0|10|OK|exstinctor|6|0|10
Isol|extinguibilis|1|0|10|OK|exstinguibilis|4|0|10
Isol|extirpatrix|1|0|10|OK|exstirpatrix|3|0|10
Isol|extructio|1|0|10|OK|exstructio|6|0|10
Isol|extructor|1|0|10|OK|exstructor|4|0|10
Isol|extructorius|1|0|10|OK|exstructorius|4|0|10
Isol|exucus|1|0|10|OK|exsucus|4|0|10
Isol|exuper|1|0|10|OK|exsuper|3|0|10
Isol|exuperantius|1|0|10|Isol|exsuperantius|1|0|10
Isol|exuperator|1|0|10|OK|exsuperator|2|0|10
Isol|illustre|1|0|10|OK|inlustre|2|0|10
Isol|inbecillis|2|0|10|OK|imbecillis|5|0|10
Isol|inbecillitas|2|0|10|OK|imbecillitas|8|0|10
Isol|inbecillus|2|0|10|OK|imbecillus|8|0|10
Isol|inbellia|1|0|10|OK|imbellia|4|0|10
Isol|inbellis|3|0|10|OK|imbellis|9|0|10
Isol|inbibo|3|0|10|OK|imbibo|8|0|10
Isol|inbito|1|0|10|OK|imbito|4|0|10
Isol|inbonitas|1|0|10|OK|imbonitas|4|0|10
Isol|inbracteo|1|0|10|OK|imbracteo|4|0|10
Isol|inbuo|1|0|10|OK|imbuo|9|0|10
Isol|inlacrimosus|1|0|10|OK|illacrimosus|3|0|10
Isol|inlaedo|1|0|10|OK|illaedo|2|0|10
Isol|inlaesibilis|1|0|10|OK|illaesibilis|4|0|10
Isol|inlaqueatum|1|0|10|Isol|illaqueatum|1|0|10
Isol|inlator|1|0|10|OK|illator|3|0|10
Isol|inlatrix|1|0|10|OK|illatrix|3|0|10
Isol|inlegitime|1|0|10|OK|illegitime|3|0|10
Isol|inlevi|1|0|10|OK|illevi|2|0|10
Isol|inlevigatus|1|0|10|OK|illevigatus|3|0|10
Isol|inlexe|1|0|10|OK|illexe|2|0|10
Isol|inlexi|1|0|10|OK|illexi|3|0|10
Isol|inlibate|1|0|10|OK|illibate|2|0|10
Isol|inlibatio|1|0|10|Isol|illibatio|1|0|10
Isol|inlicenter|1|0|10|Isol|illicenter|1|0|10
Isol|inlicibilis|1|0|10|OK|illicibilis|4|0|10
Isol|inlicite|1|0|10|OK|illicite|4|0|10
Isol|inlico|1|0|10|OK|illico|5|0|10
Isol|inligatus|1|0|10|OK|illigatus|3|0|10
Isol|inlimatus|1|0|10|OK|illimatus|2|0|10
Isol|inlimo|1|0|10|OK|illimo|2|0|10
Isol|inlisi|1|0|10|OK|illisi|3|0|10
Isol|inlitio|1|0|10|OK|illitio|2|0|10
Isol|inlocalis|1|0|10|OK|illocalis|3|0|10
Isol|inlocalitas|1|0|10|OK|illocalitas|3|0|10
Isol|inlocaliter|1|0|10|OK|illocaliter|3|0|10
Isol|inlubricans|1|0|10|Isol|illubricans|1|0|10
Isol|inlucubratus|1|0|10|OK|illucubratus|4|0|10
Isol|inluculasco|1|0|10|OK|illuculasco|4|0|10
Isol|inludia|1|0|10|OK|illudia|3|0|10
Isol|inludio|1|0|10|OK|illudio|4|0|10
Isol|inluminabilis|1|0|10|OK|illuminabilis|2|0|10
Isol|inluminatio|1|0|10|OK|illuminatio|4|0|10
Isol|inluminator|1|0|10|OK|illuminator|4|0|10
Isol|inluminatus|1|0|10|OK|illuminatus|4|0|10
Isol|inlusorius|1|0|10|OK|illusorius|4|0|10
Isol|inlustrius|1|0|10|OK|illustrius|4|0|10
Isol|inlutibarbus|1|0|10|OK|illutibarbus|4|0|10
Isol|inluvio|1|0|10|OK|illuvio|2|0|10
Isol|inluviosus|1|0|10|OK|illuviosus|3|0|10
Isol|inluxi|1|0|10|OK|illuxi|3|0|10
Isol|inmaculabilis|1|0|10|OK|immaculabilis|5|0|10
Isol|inmaculatus|1|0|10|OK|immaculatus|4|0|10
Isol|inmaculo|1|0|10|OK|immaculo|4|0|10
Isol|inmaneo|1|0|10|OK|immaneo|4|0|10
Isol|inmanifestus|1|0|10|OK|immanifestus|4|0|10
Isol|inmanis|2|0|10|OK|immanis|9|0|10
Isol|inmansuetus|1|0|10|OK|immansuetus|7|0|10
Isol|inmarcescibilis|1|0|10|OK|immarcescibilis|5|0|10
Isol|inmaturitas|1|0|10|OK|immaturitas|7|0|10
Isol|inmaturus|1|0|10|OK|immaturus|8|0|10
Isol|inmedicabilis|1|0|10|OK|immedicabilis|8|0|10
Isol|inmedicatus|1|0|10|OK|immedicatus|3|0|10
Isol|inmeditatus|1|0|10|OK|immeditatus|4|0|10
Isol|inmeio|1|0|10|OK|immeio|4|0|10
Isol|inmemor|2|0|10|OK|immemor|9|0|10
Isol|inmemorabilis|1|0|10|OK|immemorabilis|6|0|10
Isol|inmemoratio|1|0|10|OK|immemoratio|4|0|10
Isol|inmemoratus|1|0|10|OK|immemoratus|6|0|10
Isol|inmemoria|1|0|10|Isol|immemoria|1|0|10
Isol|inmensitas|1|0|10|OK|immensitas|6|0|10
Isol|inmensurabilis|2|0|10|OK|immensurabilis|5|0|10
Isol|inmensuratus|1|0|10|OK|immensuratus|3|0|10
Isol|inmensus|1|0|10|OK|immensus|8|0|10
Isol|inmeo|1|0|10|OK|immeo|4|0|10
Isol|inmerens|1|0|10|OK|immerens|8|0|10
Isol|inmerenter|1|0|10|OK|immerenter|3|0|10
Isol|inmergo|1|0|10|OK|immergo|8|0|10
Isol|inmeritum|1|0|10|OK|immeritum|2|0|10
Isol|inmeritus|1|0|10|OK|immeritus|8|0|10
Isol|inmersabilis|1|0|10|OK|immersabilis|7|0|10
Isol|inmersio|1|0|10|OK|immersio|4|0|10
Isol|inmetatus|1|0|10|OK|immetatus|5|0|10
Isol|inmigro|1|0|10|OK|immigro|9|0|10
Isol|inminentia|1|0|10|OK|imminentia|4|0|10
Isol|inmineo|1|0|10|OK|immineo|8|0|10
Isol|inminuo|1|0|10|OK|imminuo|9|0|10
Isol|inminutio|1|0|10|OK|imminutio|6|0|10
Isol|inmisceo|1|0|10|OK|immisceo|9|0|10
Isol|inmiserabilis|1|0|10|OK|immiserabilis|6|0|10
Isol|inmisericordia|1|0|10|OK|immisericordia|4|0|10
Isol|inmisericors|1|0|10|OK|immisericors|7|0|10
Isol|inmiseror|1|0|10|Isol|immiseror|1|0|10
Isol|inmissarium|1|0|10|OK|immissarium|4|0|10
Isol|inmissio|1|0|10|OK|immissio|6|0|10
Isol|inmitigabilis|1|0|10|OK|immitigabilis|4|0|10
Isol|inmitis|1|0|10|OK|immitis|9|0|10
Isol|inmitto|2|0|10|OK|immitto|9|0|10
Isol|inmixtus|1|0|10|OK|immixtus|6|0|10
Isol|inmobilis|2|0|10|OK|immobilis|8|0|10
Isol|inmobilitas|1|0|10|OK|immobilitas|5|0|10
Isol|inmoderantia|1|0|10|OK|immoderantia|4|0|10
Isol|inmoderatio|1|0|10|OK|immoderatio|6|0|10
Isol|inmoderatus|1|0|10|OK|immoderatus|8|0|10
Isol|inmodestia|1|0|10|OK|immodestia|7|0|10
Isol|inmodestus|1|0|10|OK|immodestus|6|0|10
Isol|inmodicus|1|0|10|OK|immodicus|8|0|10
Isol|inmodulatus|1|0|10|OK|immodulatus|5|0|10
Isol|inmolaticius|1|0|10|OK|immolaticius|4|0|10
Isol|inmolatio|1|0|10|OK|immolatio|6|0|10
Isol|inmolator|1|0|10|OK|immolator|6|0|10
Isol|inmolitus|1|0|10|OK|immolitus|6|0|10
Isol|inmolo|1|0|10|OK|immolo|9|0|10
Isol|inmordeo|1|0|10|OK|immordeo|3|0|10
Isol|inmorior|1|0|10|OK|immorior|7|0|10
Isol|inmoror|1|0|10|OK|immoror|6|0|10
Isol|inmortalis|2|0|10|OK|immortalis|9|0|10
Isol|inmortalitas|1|0|10|OK|immortalitas|7|0|10
Isol|inmortaliter|1|0|10|OK|immortaliter|6|0|10
Isol|inmortalitus|1|0|10|OK|immortalitus|3|0|10
Isol|inmortuus|1|0|10|OK|immortuus|4|0|10
Isol|inmotus|1|0|10|OK|immotus|8|0|10
Isol|inmugio|1|0|10|OK|immugio|8|0|10
Isol|inmulgeo|1|0|10|OK|immulgeo|6|0|10
Isol|inmundabilis|1|0|10|OK|immundabilis|4|0|10
Isol|inmunditia|1|0|10|OK|immunditia|4|0|10
Isol|inmunificus|1|0|10|OK|immunificus|3|0|10
Isol|inmunio|1|0|10|OK|immunio|7|0|10
Isol|inmunis|2|0|10|OK|immunis|9|0|10
Isol|inmunitas|1|0|10|OK|immunitas|7|0|10
Isol|inmunitus|1|0|10|OK|immunitus|7|0|10
Isol|inmurmuro|1|0|10|OK|immurmuro|8|0|10
Isol|inmusicus|1|0|10|OK|immusicus|4|0|10
Isol|inmutabilis|2|0|10|OK|immutabilis|9|0|10
Isol|inmutabilitas|1|0|10|OK|immutabilitas|6|0|10
Isol|inmutatio|1|0|10|OK|immutatio|6|0|10
Isol|inmutator|1|0|10|OK|immutator|3|0|10
Isol|inmutatus|1|0|10|OK|immutatus|7|0|10
Isol|inmutesco|1|0|10|OK|immutesco|5|0|10
Isol|inmutilatus|1|0|10|OK|immutilatus|4|0|10
Isol|inmuto|1|0|10|OK|immuto|9|0|10
Isol|inpacatus|1|0|10|OK|impacatus|7|0|10
Isol|inpactio|1|0|10|OK|impactio|3|0|10
Isol|inpaenitendus|1|0|10|OK|impaenitendus|4|0|10
Isol|inpaenitens|1|0|10|OK|impaenitens|3|0|10
Isol|inpaenitentia|1|0|10|OK|impaenitentia|3|0|10
Isol|inpaenitus|1|0|10|Isol|impaenitus|1|0|10
Isol|inpages|1|0|10|OK|impages|4|0|10
Isol|inpallesco|1|0|10|OK|impallesco|4|0|10
Isol|inpalpebratio|1|0|10|OK|impalpebratio|4|0|10
Isol|inpar|3|0|10|OK|impar|8|0|10
Isol|inparatio|1|0|10|OK|imparatio|3|0|10
Isol|inparatus|2|0|10|OK|imparatus|7|0|10
Isol|inparilis|1|0|10|OK|imparilis|4|0|10
Isol|inparilitas|1|0|10|OK|imparilitas|4|0|10
Isol|inpartibilis|1|0|10|OK|impartibilis|2|0|10
Isol|inpartio|1|0|10|OK|impartio|4|0|10
Isol|inpascor|1|0|10|OK|impascor|2|0|10
Isol|inpassibilis|2|0|10|OK|impassibilis|5|0|10
Isol|inpassibilitas|1|0|10|OK|impassibilitas|3|0|10
Isol|inpassibiliter|1|0|10|OK|impassibiliter|4|0|10
Isol|inpastus|1|0|10|OK|impastus|6|0|10
Isol|inpatiens|2|0|10|OK|impatiens|9|0|10
Isol|inpatienter|1|0|10|OK|impatienter|6|0|10
Isol|inpatientia|2|0|10|OK|impatientia|7|0|10
Isol|inpausabilis|1|0|10|OK|impausabilis|3|0|10
Isol|inpavide|1|0|10|OK|impavide|6|0|10
Isol|inpavidus|2|0|10|OK|impavidus|8|0|10
Isol|inpeccabilis|1|0|10|OK|impeccabilis|3|0|10
Isol|inpeccantia|1|0|10|OK|impeccantia|4|0|10
Isol|inpedatio|1|0|10|OK|impedatio|4|0|10
Isol|inpedico|1|0|10|OK|impedico|4|0|10
Isol|inpedimentum|2|0|10|OK|impedimentum|8|0|10
Isol|inpedio|3|0|10|OK|impedio|9|0|10
Isol|inpeditio|1|0|10|OK|impeditio|6|0|10
Isol|inpedito|1|0|10|OK|impedito|4|0|10
Isol|inpeditor|1|0|10|OK|impeditor|4|0|10
Isol|inpedo|1|0|10|OK|impedo|4|0|10
Isol|inpendeo|2|0|10|OK|impendeo|8|0|10
Isol|inpendio|1|0|10|OK|impendio|6|0|10
Isol|inpendiosus|1|0|10|OK|impendiosus|4|0|10
Isol|inpendium|2|0|10|OK|impendium|7|0|10
Isol|inpendo|2|0|10|OK|impendo|9|0|10
Isol|inpenetrabilis|1|0|10|OK|impenetrabilis|7|0|10
Isol|inpensa|2|0|10|OK|impensa|8|0|10
Isol|inpense|2|0|10|OK|impense|8|0|10
Isol|inperative|1|0|10|OK|imperative|4|0|10
Isol|inperativus|1|0|10|OK|imperativus|4|0|10
Isol|inperator|2|0|10|OK|imperator|8|0|10
Isol|inperatorie|1|0|10|OK|imperatorie|4|0|10
Isol|inperatorius|2|0|10|OK|imperatorius|8|0|10
Isol|inperatrix|1|0|10|OK|imperatrix|6|0|10
Isol|inperatum|2|0|10|OK|imperatum|7|0|10
Isol|inperceptus|1|0|10|OK|imperceptus|5|0|10
Isol|inperco|1|0|10|OK|imperco|5|0|10
Isol|inpercussus|1|0|10|OK|impercussus|5|0|10
Isol|inperditus|1|0|10|OK|imperditus|6|0|10
Isol|inperfectio|1|0|10|OK|imperfectio|4|0|10
Isol|inperfectus|2|0|10|OK|imperfectus|7|0|10
Isol|inperfossus|1|0|10|OK|imperfossus|5|0|10
Isol|inperfundies|1|0|10|OK|imperfundies|4|0|10
Isol|inperiabiliter|1|0|10|OK|imperiabiliter|3|0|10
Isol|inperialis|2|0|10|OK|imperialis|5|0|10
Isol|inperiose|1|0|10|OK|imperiose|4|0|10
Isol|inperite|1|0|10|OK|imperite|6|0|10
Isol|inperitia|2|0|10|OK|imperitia|7|0|10
Isol|inperito|2|0|10|OK|imperito|9|0|10
Isol|inperitus|2|0|10|OK|imperitus|8|0|10
Isol|inperium|2|0|10|OK|imperium|8|0|10
Isol|inperjuratus|1|0|10|OK|imperjuratus|5|0|10
Isol|inpermissus|1|0|10|OK|impermissus|6|0|10
Isol|inpermixtus|1|0|10|OK|impermixtus|4|0|10
Isol|inpero|2|0|10|OK|impero|9|0|10
Isol|inperpetuus|1|0|10|OK|imperpetuus|4|0|10
Isol|inperscrutabilis|1|0|10|OK|imperscrutabilis|4|0|10
Isol|inpersonalis|1|0|10|OK|impersonalis|4|0|10
Isol|inpersonativus|1|0|10|OK|impersonativus|3|0|10
Isol|inperspicabilis|1|0|10|OK|imperspicabilis|4|0|10
Isol|inperspicuus|1|0|10|OK|imperspicuus|4|0|10
Isol|inperterritus|2|0|10|OK|imperterritus|7|0|10
Isol|inpertilis|1|0|10|OK|impertilis|3|0|10
Isol|inpertinens|1|0|10|OK|impertinens|3|0|10
Isol|inpertitio|1|0|10|OK|impertitio|4|0|10
Isol|inperturbabilis|1|0|10|OK|imperturbabilis|5|0|10
Isol|inperturbatio|1|0|10|OK|imperturbatio|4|0|10
Isol|inperturbatus|1|0|10|OK|imperturbatus|5|0|10
Isol|inpervius|2|0|10|OK|impervius|7|0|10
Isol|inpes|1|0|10|OK|impes|7|0|10
Isol|inpetibilis|1|0|10|OK|impetibilis|7|0|10
Isol|inpetiginosus|1|0|10|OK|impetiginosus|4|0|10
Isol|inpetigo|1|0|10|OK|impetigo|6|0|10
Isol|inpeto|2|0|10|OK|impeto|6|0|10
Isol|inpetrabilis|2|0|10|OK|impetrabilis|9|0|10
Isol|inpetratio|1|0|10|OK|impetratio|6|0|10
Isol|inpetrativus|1|0|10|OK|impetrativus|3|0|10
Isol|inpetrator|1|0|10|OK|impetrator|4|0|10
Isol|inpetro|3|0|10|OK|impetro|9|0|10
Isol|inpetulans|1|0|10|Isol|impetulans|1|0|10
Isol|inpetuose|1|0|10|OK|impetuose|3|0|10
Isol|inpetus|2|0|10|OK|impetus|8|0|10
Isol|inpexus|2|0|10|OK|impexus|7|0|10
Isol|inpiamentum|1|0|10|OK|impiamentum|4|0|10
Isol|inpico|1|0|10|OK|impico|3|0|10
Isol|inpie|1|0|10|OK|impie|6|0|10
Isol|inpietas|2|0|10|OK|impietas|7|0|10
Isol|inpiger|2|0|10|OK|impiger|8|0|10
Isol|inpigre|1|0|10|OK|impigre|7|0|10
Isol|inpigritas|1|0|10|OK|impigritas|6|0|10
Isol|inpigritia|1|0|10|OK|impigritia|4|0|10
Isol|inpingo|2|0|10|OK|impingo|9|0|10
Isol|inpinguo|2|0|10|OK|impinguo|5|0|10
Isol|inpio|1|0|10|OK|impio|5|0|10
Isol|inpius|2|0|10|OK|impius|8|0|10
Isol|inplacabilitas|1|0|10|OK|implacabilitas|5|0|10
Isol|inplacatus|2|0|10|OK|implacatus|7|0|10
Isol|inplago|1|0|10|OK|implago|4|0|10
Isol|inplano|2|0|10|OK|implano|5|0|10
Isol|inplanus|1|0|10|OK|implanus|4|0|10
Isol|inplebilis|1|0|10|OK|implebilis|4|0|10
Isol|inplecticus|1|0|10|OK|implecticus|4|0|10
Isol|inplecto|1|0|10|OK|implecto|5|0|10
Isol|inplementum|1|0|10|OK|implementum|4|0|10
Isol|inpleo|2|0|10|OK|impleo|9|0|10
Isol|inpletio|1|0|10|OK|impletio|4|0|10
Isol|inpletus|1|0|10|OK|impletus|5|0|10
Isol|inplexio|1|0|10|OK|implexio|4|0|10
Isol|inplicamentum|1|0|10|OK|implicamentum|4|0|10
Isol|inplicatio|1|0|10|OK|implicatio|6|0|10
Isol|inplicatura|1|0|10|OK|implicatura|4|0|10
Isol|inplicatus|1|0|10|OK|implicatus|6|0|10
Isol|inpliciscor|1|0|10|OK|impliciscor|2|0|10
Isol|inplicite|1|0|10|OK|implicite|6|0|10
Isol|inplicito|1|0|10|OK|implicito|4|0|10
Isol|inplicitus|1|0|10|OK|implicitus|6|0|10
Isol|inplico|3|0|10|OK|implico|9|0|10
Isol|inplorabilis|1|0|10|OK|implorabilis|4|0|10
Isol|inploratio|1|0|10|OK|imploratio|6|0|10
Isol|inploro|2|0|10|OK|imploro|9|0|10
Isol|inplumbo|1|0|10|OK|implumbo|4|0|10
Isol|inplutus|1|0|10|OK|implutus|3|0|10
Isol|inpluviatus|1|0|10|OK|impluviatus|3|0|10
Isol|inpluvium|2|0|10|OK|impluvium|8|0|10
Isol|inpolite|1|0|10|OK|impolite|6|0|10
Isol|inpolitia|1|0|10|OK|impolitia|4|0|10
Isol|inpolitus|1|0|10|OK|impolitus|6|0|10
Isol|inpollutus|1|0|10|OK|impollutus|5|0|10
Isol|inpono|3|0|10|OK|impono|9|0|10
Isol|inporcitor|1|0|10|OK|imporcitor|4|0|10
Isol|inporco|1|0|10|OK|imporco|4|0|10
Isol|inportabilis|1|0|10|OK|importabilis|4|0|10
Isol|inportaticius|1|0|10|OK|importaticius|3|0|10
Isol|inporto|2|0|10|OK|importo|9|0|10
Isol|inportune|1|0|10|OK|importune|6|0|10
Isol|inportunitas|2|0|10|OK|importunitas|8|0|10
Isol|inportunus|2|0|10|OK|importunus|7|0|10
Isol|inportuosus|2|0|10|OK|importuosus|7|0|10
Isol|inpos|2|0|10|OK|impos|6|0|10
Isol|inpositicius|1|0|10|OK|impositicius|4|0|10
Isol|inpositio|1|0|10|OK|impositio|4|0|10
Isol|inpositivus|1|0|10|OK|impositivus|2|0|10
Isol|inpositor|1|0|10|OK|impositor|4|0|10
Isol|inpossibilis|1|0|10|OK|impossibilis|5|0|10
Isol|inpossibilitas|1|0|10|OK|impossibilitas|4|0|10
Isol|inpostor|1|0|10|OK|impostor|4|0|10
Isol|inpostura|1|0|10|OK|impostura|4|0|10
Isol|inpostus|1|0|10|OK|impostus|3|0|10
Isol|inpotabilis|1|0|10|OK|impotabilis|3|0|10
Isol|inpotens|3|0|10|OK|impotens|9|0|10
Isol|inpotenter|1|0|10|OK|impotenter|5|0|10
Isol|inpotentia|2|0|10|OK|impotentia|8|0|10
Isol|inpraegno|1|0|10|OK|impraegno|5|0|10
Isol|inpraepedite|1|0|10|OK|impraepedite|4|0|10
Isol|inpraepeditus|1|0|10|OK|impraepeditus|4|0|10
Isol|inpraeputiatus|1|0|10|OK|impraeputiatus|4|0|10
Isol|inpraescientia|1|0|10|OK|impraescientia|4|0|10
Isol|inpraestabilis|1|0|10|OK|impraestabilis|4|0|10
Isol|inpransus|1|0|10|OK|impransus|6|0|10
Isol|inprecatio|1|0|10|OK|imprecatio|5|0|10
Isol|inprecor|2|0|10|OK|imprecor|8|0|10
Isol|inprensibilis|1|0|10|OK|imprensibilis|5|0|10
Isol|inpresse|1|0|10|OK|impresse|4|0|10
Isol|inpressio|2|0|10|OK|impressio|7|0|10
Isol|inpretiabilis|1|0|10|OK|impretiabilis|4|0|10
Isol|inprimo|3|0|10|OK|imprimo|9|0|10
Isol|inprincipaliter|1|0|10|OK|imprincipaliter|4|0|10
Isol|inprobabilis|1|0|10|OK|improbabilis|5|0|10
Isol|inprobatio|1|0|10|OK|improbatio|6|0|10
Isol|inprobator|1|0|10|OK|improbator|4|0|10
Isol|inprobe|1|0|10|OK|improbe|6|0|10
Isol|inprobitas|2|0|10|OK|improbitas|8|0|10
Isol|inprobiter|1|0|10|OK|improbiter|4|0|10
Isol|inprobito|1|0|10|OK|improbito|4|0|10
Isol|inprobo|3|0|10|OK|improbo|9|0|10
Isol|inprobulus|1|0|10|OK|improbulus|5|0|10
Isol|inprobus|2|0|10|OK|improbus|8|0|10
Isol|inprocerus|1|0|10|OK|improcerus|5|0|10
Isol|inprocreabilis|1|0|10|OK|improcreabilis|4|0|10
Isol|inprofessus|1|0|10|OK|improfessus|4|0|10
Isol|inpromiscus|1|0|10|OK|impromiscus|4|0|10
Isol|inprope|1|0|10|OK|imprope|4|0|10
Isol|inproperanter|1|0|10|OK|improperanter|4|0|10
Isol|inproperatus|1|0|10|OK|improperatus|6|0|10
Isol|inproperium|1|0|10|OK|improperium|4|0|10
Isol|inproperus|1|0|10|OK|improperus|4|0|10
Isol|inproprie|1|0|10|OK|improprie|4|0|10
Isol|inproprietas|1|0|10|OK|improprietas|4|0|10
Isol|inproprius|1|0|10|OK|improprius|4|0|10
Isol|inpropugnatus|1|0|10|OK|impropugnatus|4|0|10
Isol|inprospectus|1|0|10|OK|improspectus|4|0|10
Isol|inprospere|1|0|10|OK|improspere|6|0|10
Isol|inprotectus|1|0|10|OK|improtectus|4|0|10
Isol|inprovide|1|0|10|OK|improvide|6|0|10
Isol|inprovidentia|1|0|10|OK|improvidentia|4|0|10
Isol|inprovidus|2|0|10|OK|improvidus|8|0|10
Isol|inprovise|1|0|10|OK|improvise|4|0|10
Isol|inprovisus|2|0|10|OK|improvisus|8|0|10
Isol|inprudens|3|0|10|OK|imprudens|9|0|10
Isol|inprudenter|1|0|10|OK|imprudenter|6|0|10
Isol|inprudentia|2|0|10|OK|imprudentia|8|0|10
Isol|inpubescens|1|0|10|OK|impubescens|3|0|10
Isol|inpudens|3|0|10|OK|impudens|9|0|10
Isol|inpudenter|1|0|10|OK|impudenter|7|0|10
Isol|inpudentia|2|0|10|OK|impudentia|8|0|10
Isol|inpudice|1|0|10|OK|impudice|4|0|10
Isol|inpudicitia|2|0|10|OK|impudicitia|8|0|10
Isol|inpudicus|2|0|10|OK|impudicus|8|0|10
Isol|inpugnatio|1|0|10|OK|impugnatio|6|0|10
Isol|inpugnator|1|0|10|OK|impugnator|4|0|10
Isol|inpugnatus|1|0|10|OK|impugnatus|4|0|10
Isol|inpulsio|1|0|10|OK|impulsio|6|0|10
Isol|inpulsor|2|0|10|OK|impulsor|7|0|10
Isol|inpulstrix|1|0|10|OK|impulstrix|3|0|10
Isol|inpulvereus|1|0|10|OK|impulvereus|4|0|10
Isol|inpunctus|1|0|10|OK|impunctus|4|0|10
Isol|inpune|2|0|10|OK|impune|8|0|10
Isol|inpunis|2|0|10|OK|impunis|6|0|10
Isol|inpunitas|2|0|10|OK|impunitas|6|0|10
Isol|inpunite|1|0|10|OK|impunite|5|0|10
Isol|inpuratus|1|0|10|OK|impuratus|5|0|10
Isol|inpure|1|0|10|OK|impure|6|0|10
Isol|inpurgabilis|1|0|10|OK|impurgabilis|4|0|10
Isol|inpuritas|1|0|10|OK|impuritas|5|0|10
Isol|inpuritia|1|0|10|OK|impuritia|4|0|10
Isol|inputatio|1|0|10|OK|imputatio|3|0|10
Isol|inputativus|1|0|10|OK|imputativus|4|0|10
Isol|inputator|1|0|10|OK|imputator|4|0|10
Isol|inputatus|1|0|10|OK|imputatus|6|0|10
Isol|inputo|2|0|10|OK|imputo|9|0|10
Isol|inputresco|1|0|10|OK|imputresco|3|0|10
Isol|inputribilis|2|0|10|OK|imputribilis|5|0|10
Isol|inradio|1|0|10|OK|irradio|5|0|10
Isol|inrado|1|0|10|OK|irrado|4|0|10
Isol|inrasus|1|0|10|OK|irrasus|4|0|10
Isol|inrationabilis|2|0|10|OK|irrationabilis|5|0|10
Isol|inrationabilitas|1|0|10|OK|irrationabilitas|4|0|10
Isol|inrationalis|2|0|10|OK|irrationalis|6|0|10
Isol|inrecogitatio|1|0|10|OK|irrecogitatio|4|0|10
Isol|inrecordabilis|2|0|10|OK|irrecordabilis|5|0|10
Isol|inrecuperabilis|2|0|10|OK|irrecuperabilis|5|0|10
Isol|inrecusabilis|2|0|10|OK|irrecusabilis|5|0|10
Isol|inredux|1|0|10|OK|irredux|4|0|10
Isol|inreformabilis|2|0|10|OK|irreformabilis|5|0|10
Isol|inrefragabilis|2|0|10|OK|irrefragabilis|3|0|10
Isol|inrefutabilis|1|0|10|OK|irrefutabilis|4|0|10
Isol|inrefutatus|1|0|10|OK|irrefutatus|4|0|10
Isol|inregibilis|1|0|10|OK|irregibilis|3|0|10
Isol|inregressibilis|2|0|10|OK|irregressibilis|5|0|10
Isol|inreligio|1|0|10|OK|irreligio|4|0|10
Isol|inreligiositas|1|0|10|OK|irreligiositas|5|0|10
Isol|inremediabilis|2|0|10|OK|irremediabilis|5|0|10
Isol|inremisse|1|0|10|OK|irremisse|4|0|10
Isol|inremissibilis|2|0|10|OK|irremissibilis|5|0|10
Isol|inremotus|1|0|10|OK|irremotus|4|0|10
Isol|inremunerabilis|2|0|10|OK|irremunerabilis|5|0|10
Isol|inremuneratus|1|0|10|OK|irremuneratus|4|0|10
Isol|inrepercussus|1|0|10|OK|irrepercussus|4|0|10
Isol|inrepletus|1|0|10|OK|irrepletus|4|0|10
Isol|inreposcibilis|1|0|10|OK|irreposcibilis|4|0|10
Isol|inreprehensibilis|2|0|10|OK|irreprehensibilis|5|0|10
Isol|inreptio|1|0|10|OK|irreptio|4|0|10
Isol|inrepto|1|0|10|OK|irrepto|4|0|10
Isol|inreptor|1|0|10|OK|irreptor|4|0|10
Isol|inrequiebilis|1|0|10|OK|irrequiebilis|4|0|10
Isol|inrequies|1|0|10|OK|irrequies|4|0|10
Isol|inrequisitus|1|0|10|OK|irrequisitus|4|0|10
Isol|inresolubilis|1|0|10|OK|irresolubilis|4|0|10
Isol|inrespirabilis|1|0|10|OK|irrespirabilis|4|0|10
Isol|inrestinctus|1|0|10|OK|irrestinctus|4|0|10
Isol|inretractabilis|1|0|10|OK|irretractabilis|4|0|10
Isol|inreverens|2|0|10|OK|irreverens|6|0|10
Isol|inrevocandus|1|0|10|OK|irrevocandus|4|0|10
Isol|inridenter|1|0|10|OK|irridenter|4|0|10
Isol|inrigator|1|0|10|OK|irrigator|4|0|10
Isol|inrisi|1|0|10|OK|irrisi|3|0|10
Isol|inrisibilis|1|0|10|OK|irrisibilis|4|0|10
Isol|inrisorius|1|0|10|OK|irrisorius|4|0|10
Isol|inritatrix|1|0|10|OK|irritatrix|4|0|10
Isol|inrite|1|0|10|OK|irrite|4|0|10
Isol|inroborasco|1|0|10|OK|irroborasco|4|0|10
Isol|inrogatus|1|0|10|OK|irrogatus|3|0|10
Isol|inroto|1|0|10|OK|irroto|4|0|10
Isol|inrubesco|1|0|10|OK|irrubesco|4|0|10
Isol|inrufo|1|0|10|OK|irrufo|4|0|10
Isol|inrugatio|1|0|10|OK|irrugatio|4|0|10
Isol|inrugio|1|0|10|OK|irrugio|5|0|10
Isol|inrugo|1|0|10|OK|irrugo|4|0|10
Isol|irr|1|0|10|Isol|inr|1|0|10
Isol|irredivivus|1|0|10|Isol|inredivivus|1|0|10
Isol|obcaecatio|1|0|10|OK|occaecatio|3|0|10
Isol|obcano|1|0|10|OK|occano|8|0|10
Isol|obcanto|1|0|10|OK|occanto|4|0|10
Isol|obcedo|1|0|10|OK|occedo|5|0|10
Isol|obcensus|1|0|10|OK|occensus|4|0|10
Isol|obcento|1|0|10|OK|occento|7|0|10
Isol|obclamito|1|0|10|OK|occlamito|4|0|10
Isol|obclaudo|1|0|10|OK|occlaudo|4|0|10
Isol|obclusus|1|0|10|OK|occlusus|5|0|10
Isol|obculo|1|0|10|OK|occulo|9|0|10
Isol|obcumbo|2|0|10|OK|occumbo|9|0|10
Isol|obcurro|2|0|10|OK|occurro|9|0|10
Isol|obcurso|1|0|10|OK|occurso|9|0|10
Isol|obfarcinatus|1|0|10|OK|offarcinatus|3|0|10
Isol|obfero|2|0|10|OK|offero|9|0|10
Isol|obfertor|1|0|10|OK|offertor|4|0|10
Isol|obfertorium|1|0|10|OK|offertorium|4|0|10
Isol|obficio|1|0|10|OK|officio|9|0|10
Isol|obfoco|1|0|10|OK|offoco|6|0|10
Isol|obfulcio|1|0|10|OK|offulcio|5|0|10
Isol|obfulgeo|1|0|10|OK|offulgeo|8|0|10
Isol|obfuscatio|1|0|10|OK|offuscatio|3|0|10
Isol|obfusco|2|0|10|OK|offusco|4|0|10
Isol|obpallesco|1|0|10|OK|oppallesco|3|0|10
Isol|obpango|1|0|10|OK|oppango|4|0|10
Isol|obpecto|1|0|10|OK|oppecto|4|0|10
Isol|obpedo|1|0|10|OK|oppedo|5|0|10
Isol|obperior|1|0|10|OK|opperior|8|0|10
Isol|obpessulatus|1|0|10|OK|oppessulatus|4|0|10
Isol|obpetitus|1|0|10|OK|oppetitus|2|0|10
Isol|obpeto|2|0|10|OK|oppeto|9|0|10
Isol|obpexus|1|0|10|OK|oppexus|4|0|10
Isol|obpico|1|0|10|OK|oppico|4|0|10
Isol|obpignerator|1|0|10|OK|oppignerator|4|0|10
Isol|obpignero|1|0|10|OK|oppignero|6|0|10
Isol|obpilatio|1|0|10|OK|oppilatio|4|0|10
Isol|obpilo|1|0|10|OK|oppilo|9|0|10
Isol|obpleo|1|0|10|OK|oppleo|9|0|10
Isol|obploro|1|0|10|OK|opploro|4|0|10
Isol|obpono|2|0|10|OK|oppono|9|0|10
Isol|obportunitas|1|0|10|OK|opportunitas|7|0|10
Isol|obportunus|1|0|10|OK|opportunus|8|0|10
Isol|obpositio|1|0|10|OK|oppositio|4|0|10
Isol|obpressio|1|0|10|OK|oppressio|6|0|10
Isol|obpressiuncula|1|0|10|OK|oppressiuncula|4|0|10
Isol|obprimo|2|0|10|OK|opprimo|9|0|10
Isol|obprobramentum|1|0|10|OK|opprobramentum|4|0|10
Isol|obprobratio|1|0|10|OK|opprobratio|6|0|10
Isol|obprobriosus|1|0|10|OK|opprobriosus|4|0|10
Isol|obprobrium|2|0|10|OK|opprobrium|7|0|10
Isol|obpugnatorius|1|0|10|OK|oppugnatorius|4|0|10
Isol|obputo|1|0|10|OK|opputo|3|0|10
Isol|obpuvio|1|0|10|OK|oppuvio|2|0|10
Isol|occelo|1|0|10|Isol|obcelo|1|0|10
Isol|offixus|1|0|10|Isol|obfixus|1|0|10
Isol|oppallio|1|0|10|Isol|obpallio|1|0|10
Isol|opscaevo|1|0|10|OK|obscaevo|4|0|10
Isol|opscenus|1|0|10|OK|obscenus|8|0|10
Isol|opsci|1|0|10|Isol|obsci|1|0|10
Isol|opses|1|0|10|OK|obses|8|0|10
Isol|opsessus|1|0|10|OK|obsessus|5|0|10
Isol|opsius|1|0|10|OK|obsius|3|0|10
Isol|opsonor|1|0|10|Isol|obsonor|1|0|10
Isol|opstetricius|1|0|10|OK|obstetricius|4|0|10
Isol|opstetrico|2|0|10|OK|obstetrico|5|0|10
Isol|opstipesco|1|0|10|OK|obstipesco|8|0|10
Isol|opstruo|1|0|10|OK|obstruo|9|0|10
Isol|subcinerarius|1|0|10|OK|succinerarius|2|0|10
Isol|subcingulum|1|0|10|OK|succingulum|4|0|10
Isol|subcino|1|0|10|OK|succino|6|0|10
Isol|subcollo|1|0|10|OK|succollo|7|0|10
Isol|subconditor|1|0|10|OK|succonditor|3|0|10
Isol|subcuba|1|0|10|OK|succuba|4|0|10
Isol|subcussatura|1|0|10|OK|succussatura|4|0|10
Isol|subcussio|1|0|10|OK|succussio|5|0|10
Isol|subcusso|1|0|10|OK|succusso|3|0|10
Isol|subcussor|1|0|10|OK|succussor|3|0|10
Isol|subfarcinatus|1|0|10|OK|suffarcinatus|2|0|10
Isol|subfectio|1|0|10|OK|suffectio|4|0|10
Isol|subfectura|1|0|10|OK|suffectura|4|0|10
Isol|subferentia|1|0|10|OK|sufferentia|4|0|10
Isol|subfervefio|1|0|10|OK|suffervefio|2|0|10
Isol|subficio|1|0|10|OK|sufficio|9|0|10
Isol|subflammo|1|0|10|OK|sufflammo|4|0|10
Isol|subflatio|1|0|10|OK|sufflatio|4|0|10
Isol|subfocabilis|1|0|10|OK|suffocabilis|4|0|10
Isol|subfocatio|1|0|10|OK|suffocatio|5|0|10
Isol|subfoco|1|0|10|OK|suffoco|8|0|10
Isol|subfossus|1|0|10|OK|suffossus|4|0|10
Isol|subfragator|1|0|10|OK|suffragator|6|0|10
Isol|subfragium|1|0|10|OK|suffragium|8|0|10
Isol|subfrenatio|1|0|10|OK|suffrenatio|4|0|10
Isol|subfrendens|1|0|10|OK|suffrendens|4|0|10
Isol|subfugium|1|0|10|OK|suffugium|7|0|10
Isol|subfumigatio|1|0|10|OK|suffumigatio|4|0|10
Isol|subfumo|1|0|10|OK|suffumo|4|0|10
Isol|subfusus|1|0|10|OK|suffusus|6|0|10
Isol|submoenianus|1|0|10|OK|summoenianus|2|0|10
Isol|succaelestis|1|0|10|OK|subcaelestis|4|0|10
Isol|succaeruleus|1|0|10|OK|subcaeruleus|4|0|10
Isol|succandidus|1|0|10|OK|subcandidus|4|0|10
Isol|succavus|1|0|10|OK|subcavus|4|0|10
Isol|succinericius|1|0|10|OK|subcinericius|4|0|10
Isol|succoeruleus|1|0|10|OK|subcoeruleus|2|0|10
Isol|succoquo|1|0|10|OK|subcoquo|4|0|10
Isol|succornicularius|1|0|10|OK|subcornicularius|4|0|10
Isol|succortex|1|0|10|OK|subcortex|4|0|10
Isol|succrassulus|1|0|10|OK|subcrassulus|4|0|10
Isol|succrudus|1|0|10|OK|subcrudus|4|0|10
Isol|succruentus|1|0|10|OK|subcruentus|4|0|10
Isol|succudo|1|0|10|Isol|subcudo|1|0|10
Isol|succultro|1|0|10|OK|subcultro|4|0|10
Isol|succuneatus|1|0|10|OK|subcuneatus|3|0|10
Isol|succurvus|1|0|10|OK|subcurvus|4|0|10
Isol|succussura|1|0|10|Isol|subcussura|1|0|10
Isol|succustos|1|0|10|OK|subcustos|4|0|10
Isol|succutaneus|1|0|10|OK|subcutaneus|2|0|10
Isol|suffervefactus|1|0|10|Isol|subfervefactus|1|0|10
Isol|suffrondeo|1|0|10|Isol|subfrondeo|1|0|10
Isol|summ|1|0|10|Isol|subm|1|0|10
Isol|summaestus|1|0|10|OK|submaestus|4|0|10
Isol|summagister|1|0|10|OK|submagister|2|0|10
Isol|summanans|1|0|10|Isol|submanans|1|0|10
Isol|summemmianus|1|0|10|OK|submemmianus|2|0|10
Isol|summoestus|1|0|10|OK|submoestus|2|0|10
Isol|summontorium|1|0|10|Isol|submontorium|1|0|10
Isol|summultiplex|1|0|10|OK|submultiplex|5|0|10
OKm|adpostulo|4|0|10|OK|appostulo|5|0|10
OKm|aggressus|2|0|10|OKm|adgressus|4|0|10
OKm|aggressus2|2|0|10|OKm|adgressus2|3|0|10
OKm|allecto|7|0|10|OK|adlecto|6|0|10
OKm|appetitus|4|0|10|OKm|adpetitus|2|0|10
OKm|appetitus2|7|0|10|OKm|adpetitus2|2|0|10
OKm|appeto|8|0|10|OK|adpeto|5|0|10
OKm|appingo|7|0|10|OK|adpingo|2|0|10
OKm|applausus|4|0|10|Isol|adplausus|1|0|10
OKm|appositus|7|0|10|OK|adpositus|2|0|10
OKm|ascitus|4|0|10|OK|adscitus|2|0|10
OKm|aspersus|4|0|10|OKm|adspersus|3|0|10
OKm|aspersus2|4|0|10|OKm|adspersus2|3|0|10
OKm|assessus|2|0|10|OKm|adsessus|4|0|10
OKm|assessus2|3|0|10|OKm|adsessus2|4|0|10
OKm|assumptus|3|0|10|OKm|adsumptus|3|0|10
OKm|assumptus2|2|0|10|OKm|adsumptus2|1|0|10
OKm|attactus|3|0|10|Isol|adtactus|1|0|10
OKm|attractus|4|0|10|OKm|adtractus|2|0|10
OKm|attractus2|3|0|10|OKm|adtractus2|1|0|10
OKm|attrectatus|2|0|10|OKm|adtrectatus|2|0|10
OKm|attrectatus2|5|0|10|OKm|adtrectatus2|2|0|10
OKm|attritus|5|0|10|OKm|adtritus|2|0|10
OKm|attritus2|4|0|10|OKm|adtritus2|2|0|10
OKm|collatus|4|0|10|OK|conlatus|2|0|10
OKm|collectus|5|0|10|OK|conlectus|3|0|10
OKm|collisus|4|0|10|Isol|conlisus|1|0|10
OKm|comploratus|3|0|10|Isol|conploratus|1|0|10
OKm|exors|5|0|10|OK|exsors|8|0|10
OKm|expatior|4|0|10|OK|exspatior|7|0|10
OKm|expecto|5|0|10|OK|exspecto|9|0|10
OKm|expergo|5|0|10|OK|exspergo|5|0|10
OKm|exsecratus|6|0|10|Isol|execratus|1|0|10
OKm|illiberis|4|0|10|Isol|inliberis|1|0|10
OKm|imminutus|5|0|10|Isol|inminutus|1|0|10
OKm|imperatus|3|0|10|OK|inperatus|2|0|10
OKm|imperiosus|7|0|10|Isol|inperiosus|2|0|10
OKm|implexus|5|0|10|Isol|inplexus|1|0|10
OKm|impositus|5|0|10|Isol|inpositus|1|0|10
OKm|inlapsus|2|0|10|OKm|illapsus|3|0|10
OKm|inlapsus2|2|0|10|OKm|illapsus2|4|0|10
OKm|inlisus|3|0|10|OKm|illisus|4|0|10
OKm|inlisus2|2|0|10|OKm|illisus2|4|0|10
OKm|inlitus|3|0|10|OKm|illitus|4|0|10
OKm|inlitus2|2|0|10|OKm|illitus2|4|0|10
OKm|inlustratus|1|0|10|OKm|illustratus|3|0|10
OKm|inlustratus2|1|0|10|OKm|illustratus2|4|0|10
OKm|inlutus|2|0|10|OK|illutus|4|0|10
OKm|irritatus|4|0|10|Isol|inritatus|1|0|10
OKm|irruptus|5|0|10|OK|inruptus|3|0|10
OKm|offerumenta|1|0|10|Isol|obferumenta|1|0|10
OKm|oppressus|3|0|10|Isol|obpressus|1|0|10
OKm|subministratus|2|0|10|OK|sumministratus|2|0|10
OKm|succenturio|6|0|10|OKm|subcenturio|4|0|10
OKm|succenturio2|4|0|10|OKm|subcenturio2|5|0|10
OKm|succinctus|5|0|10|Isol|subcinctus|1|0|10
OKm|succisivus|3|0|10|OK|subcisivus|3|0|10
OKm|sufflatus|5|0|10|Isol|subflatus|1|0|10
OKm|summersus|1|0|10|OKm|submersus|4|0|10
OKm|summuranum|1|0|10|OK|submuranum|2|0|10
M3|adfatus|6|0|10|OK|affatus|3|0|10
M3|adfectus|6|0|10|OKm|affectus|3|0|10
M3|adfectus2|5|0|10|OKm|affectus2|3|0|10
M3|adflatus|6|0|10|OK|afflatus|3|0|10
M3|adgestus2|3|0|10|OKm|aggestus2|4|0|10
M3|adgestus|5|0|10|OKm|aggestus|1|0|10
M3|adlapsus2|4|0|10|OKm|allapsus2|4|0|10
M3|adlapsus|6|0|10|OKm|allapsus|4|0|10
M3|adlego2|7|0|10|OKm|allego2|4|0|10
M3|adlego|7|0|10|OKm|allego|4|0|10
M3|adlevo2|4|0|10|OKm|allevo2|5|0|10
M3|adlevo|7|0|10|OKm|allevo|3|0|10
M3|adpulsus2|2|0|10|OKm|appulsus2|7|0|10
M3|adpulsus|3|0|10|OKm|appulsus|4|0|10
M3|adrigo2|3|0|10|OKm|arrigo2|6|0|10
M3|adrigo|7|0|10|OKm|arrigo|2|0|10
M3|adsensus2|4|0|10|OKm|assensus2|4|0|10
M3|adsensus|6|0|10|OKm|assensus|3|0|10
M3|adsiduo2|3|0|10|OKm|assiduo2|4|0|10
M3|adsiduo|3|0|10|OKm|assiduo|5|0|10
M3|afflictus|3|0|10|OKm|adflictus|5|0|10
M3|afflictus2|2|0|10|OKm|adflictus2|3|0|10
M3|aggero2|9|0|10|M3|adgero2|2|0|10
M3|aggero|8|0|10|M3|adgero|6|0|10
M3|allectus|2|0|10|OKm|adlectus|4|0|10
M3|allectus2|2|0|10|OKm|adlectus2|2|0|10
M3|appello2|9|0|10|OKm|adpello2|3|0|10
M3|appello|9|0|10|OKm|adpello|3|0|10
M3|ascensus2|4|0|10|OKm|adscensus2|2|0|10
M3|ascensus|8|0|10|OKm|adscensus|2|0|10
M3|ascio|8|0|10|OK|adscio|2|0|10
M3|aspargo|5|0|10|Isol|adspargo|2|0|10
M3|aspectus2|3|0|10|OKm|adspectus2|3|0|10
M3|aspectus|7|0|10|OKm|adspectus|3|0|10
M3|aspergo|9|0|10|OKm|adspergo|2|0|10
M3|aspergo2|6|0|10|OKm|adspergo2|4|0|10
M3|assero|8|0|10|OKm|adsero|6|0|10
M3|assero2|4|0|10|OKm|adsero2|6|0|10
M3|assum|5|0|10|OK|adsum|8|0|10
M3|attentus|7|0|10|OKm|adtentus|3|0|10
M3|attentus2|3|0|10|OKm|adtentus2|1|0|10
M3|attonitus|7|0|10|OKm|adtonitus|3|0|10
M3|attonitus2|2|0|10|OKm|adtonitus2|1|0|10
M3|colligo2|7|0|10|OKm|conligo2|4|0|10
M3|colligo|7|0|10|OKm|conligo|4|0|10
M3|compes|8|0|10|Isol|conpes|1|0|10
M3|compingo|9|0|10|Isol|conpingo|2|0|10
M3|complures|8|0|10|Isol|conplures|1|0|10
M3|exilio|6|0|10|OK|exsilio|9|0|10
M3|expolio|9|0|10|OK|exspolio|8|0|10
M3|immundus|8|0|10|Isol|inmundus|1|0|10
M3|impensus|8|0|10|Isol|inpensus|1|0|10
M3|impubes|8|0|10|Isol|inpubes|3|0|10
M3|impulsus|8|0|10|Isol|inpulsus|1|0|10
M3|inlectus|3|0|10|OKm|illectus|5|0|10
M3|inlectus2|2|0|10|OKm|illectus2|4|0|10
M3|inlex2|3|0|10|OKm|illex2|5|0|10
M3|inlex|3|0|10|OKm|illex|5|0|10
M3|inrisus|4|0|10|OKm|irrisus|4|0|10
M3|irrito2|5|0|10|OKm|inrito2|1|0|10
M3|irrito|7|0|10|OKm|inrito|3|0|10
M3|irritus|7|0|10|OK|inritus|4|0|10
M3|obsero|9|0|10|Isol|opsero|1|0|10
M3|obsono|8|0|10|OK|opsono|4|0|10
M3|occido|8|0|10|Isol|obcido|1|0|10
M3|occulto|9|0|10|Isol|obculto|1|0|10
M3|oppugno|9|0|10|Isol|obpugno|2|0|10
M3|ops|8|0|10|OK|obs|2|0|10
M3|succido|1|0|10|Isol|subcido|2|0|10
M3|succubo|4|0|10|M3|subcubo|3|0|10
M3|succussus|6|0|10|Isol|subcussus|1|0|10
M3|suffundo|9|0|10|OK|subfundo|4|0|10
M3|suggestus|8|0|10|Isol|subgestus|1|0|10
M3|summissus|3|0|10|OKm|submissus|7|0|10
M3|summissus2|1|0|10|OKm|submissus2|4|0|10
