Coll|aggero2|9|0|10|Coll|adgero|6|0|10
Coll|assum|5|0|10|Coll|adsum|8|0|10
extra|accelero|7|0|10|Coll|adcelero|3|0|10
extra|acclivis|8|0|10|Coll|adclivis|3|0|10
extra|accresco|8|0|10|Coll|adcresco|5|0|10
extra|adcanto|2|0|10|extra|accanto|4|0|10
extra|adclamatio|2|0|10|Coll|acclamatio|8|0|10
extra|adclamo|4|0|10|Coll|acclamo|9|0|10
extra|adclaro|3|0|10|extra|acclaro|7|0|10
extra|adcognosco|2|0|10|extra|accognosco|4|0|10
extra|adcolo|4|0|10|Coll|accolo|9|0|10
extra|adcommodo|3|0|10|Coll|accommodo|9|0|10
extra|adcommodus|2|0|10|Coll|accommodus|8|0|10
extra|adcongero|2|0|10|extra|accongero|3|0|10
extra|adcredo|4|0|10|extra|accredo|8|0|10
extra|adcretio|2|0|10|extra|accretio|7|0|10
extra|adcubo|3|0|10|Coll|accubo|9|0|10
extra|adcumbo|3|0|10|Coll|accumbo|9|0|10
extra|adcumulator|2|0|10|extra|accumulator|7|0|10
extra|adcuro|3|0|10|extra|accuro|8|0|10
extra|adfectatio|5|0|10|Coll|affectatio|4|0|10
extra|adfinis|6|0|10|Coll|affinis|6|0|10
extra|adlocutio|5|0|10|Coll|allocutio|4|0|10
extra|adludo|6|0|10|Coll|alludo|5|0|10
extra|adluvies|5|0|10|Coll|alluvies|5|0|10
extra|adpareo|4|0|10|Coll|appareo|9|0|10
extra|adparo|4|0|10|Coll|apparo|9|0|10
extra|adpetens|3|0|10|Coll|appetens|9|0|10
extra|adplaudo|3|0|10|Coll|applaudo|9|0|10
extra|adplicatio|2|0|10|Coll|applicatio|8|0|10
extra|adplico|4|0|10|Coll|applico|9|0|10
extra|adpono|4|0|10|Coll|appono|9|0|10
extra|adprehendo|4|0|10|Coll|apprehendo|9|0|10
extra|adprobo|4|0|10|Coll|approbo|9|0|10
extra|adpropinquo|4|0|10|Coll|appropinquo|9|0|10
extra|adquiesco|5|0|10|Coll|acquiesco|9|0|10
extra|adquiro|6|0|10|Coll|acquiro|8|0|10
extra|adquisitio|3|0|10|extra|acquisitio|4|0|10
extra|adscendibilis|3|0|10|Coll|ascendibilis|6|0|10
extra|adscendo|4|0|10|Coll|ascendo|9|0|10
extra|adscensibilis|2|0|10|Coll|ascensibilis|5|0|10
extra|adscio|2|0|10|Coll|ascio|8|0|10
extra|adscisco|3|0|10|Coll|ascisco|8|0|10
extra|adsilio|6|0|10|Coll|assilio|7|0|10
extra|adspecto|4|0|10|Coll|aspecto|8|0|10
extra|adspernor|2|0|10|Coll|aspernor|8|0|10
extra|adspersio|2|0|10|Coll|aspersio|7|0|10
extra|adspicio|4|0|10|Coll|aspicio|9|0|10
extra|adspiro|4|0|10|Coll|aspiro|9|0|10
extra|adstruo|5|0|10|Coll|astruo|8|0|10
extra|adsuefacio|6|0|10|Coll|assuefacio|7|0|10
extra|adtente|2|0|10|Coll|attente|7|0|10
extra|adtero|4|0|10|Coll|attero|8|0|10
extra|adtiguus|3|0|10|Coll|attiguus|5|0|10
extra|adtineo|5|0|10|Coll|attineo|8|0|10
extra|affaber|3|0|10|extra|adfaber|3|0|10
extra|affabilis|4|0|10|extra|adfabilis|6|0|10
extra|affabilitas|2|0|10|extra|adfabilitas|4|0|10
extra|affabiliter|2|0|10|extra|adfabiliter|4|0|10
extra|affabre|2|0|10|extra|adfabre|5|0|10
extra|affabricatus|2|0|10|extra|adfabricatus|3|0|10
extra|affamen|2|0|10|extra|adfamen|3|0|10
extra|affatim|4|0|10|Coll|adfatim|6|0|10
extra|affatus|3|0|10|Coll|adfatus|6|0|10
extra|affectator|2|0|10|extra|adfectator|4|0|10
extra|affectatrix|2|0|10|extra|adfectatrix|3|0|10
extra|affecte|2|0|10|extra|adfecte|3|0|10
extra|affectio|3|0|10|Coll|adfectio|6|0|10
extra|affectiosus|2|0|10|extra|adfectiosus|3|0|10
extra|affecto|5|0|10|Coll|adfecto|7|0|10
extra|affector|2|0|10|extra|adfector|3|0|10
extra|affectuosus|2|0|10|extra|adfectuosus|3|0|10
extra|affero|5|0|10|Coll|adfero|7|0|10
extra|afficio|5|0|10|Coll|adficio|7|0|10
extra|afficticius|3|0|10|extra|adficticius|2|0|10
extra|affigo|5|0|10|Coll|adfigo|7|0|10
extra|affiguro|3|0|10|extra|adfiguro|4|0|10
extra|affingo|5|0|10|Coll|adfingo|7|0|10
extra|affinitas|3|0|10|Coll|adfinitas|6|0|10
extra|affirmate|3|0|10|extra|adfirmate|5|0|10
extra|affirmatio|3|0|10|Coll|adfirmatio|6|0|10
extra|affirmativus|2|0|10|extra|adfirmativus|3|0|10
extra|affirmator|2|0|10|extra|adfirmator|3|0|10
extra|affirmo|5|0|10|Coll|adfirmo|7|0|10
extra|affixio|2|0|10|extra|adfixio|3|0|10
extra|affixus|3|0|10|extra|adfixus|5|0|10
extra|afflagrans|2|0|10|extra|adflagrans|4|0|10
extra|afflator|2|0|10|extra|adflator|3|0|10
extra|afflatus|3|0|10|Coll|adflatus|6|0|10
extra|afflecto|3|0|10|Coll|adflecto|5|0|10
extra|affleo|4|0|10|extra|adfleo|5|0|10
extra|afflictatio|4|0|10|extra|adflictatio|5|0|10
extra|afflictator|2|0|10|extra|adflictator|3|0|10
extra|afflictio|2|0|10|extra|adflictio|3|0|10
extra|afflicto|4|0|10|Coll|adflicto|7|0|10
extra|afflictor|3|0|10|extra|adflictor|5|0|10
extra|affligo|5|0|10|Coll|adfligo|7|0|10
extra|afflo|4|0|10|Coll|adflo|7|0|10
extra|affluens|3|0|10|extra|adfluens|6|0|10
extra|affluenter|4|0|10|extra|adfluenter|5|0|10
extra|affluentia|4|0|10|extra|adfluentia|5|0|10
extra|affluo|5|0|10|Coll|adfluo|7|0|10
extra|affluus|2|0|10|extra|adfluus|2|0|10
extra|affodio|3|0|10|extra|adfodio|3|0|10
extra|affor|3|0|10|Coll|adfor|6|0|10
extra|afformido|3|0|10|Coll|adformido|5|0|10
extra|affrango|2|0|10|extra|adfrango|4|0|10
extra|affremo|2|0|10|extra|adfremo|4|0|10
extra|affricatio|2|0|10|extra|adfricatio|3|0|10
extra|affrico|4|0|10|Coll|adfrico|6|0|10
extra|affrictus|3|0|10|extra|adfrictus|4|0|10
extra|affringo|2|0|10|extra|adfringo|4|0|10
extra|affrio|3|0|10|extra|adfrio|4|0|10
extra|affulgeo|5|0|10|extra|adfulgeo|6|0|10
extra|affundo|5|0|10|Coll|adfundo|7|0|10
extra|aggarrio|3|0|10|extra|adgarrio|2|0|10
extra|aggaudeo|4|0|10|extra|adgaudeo|3|0|10
extra|aggemo|4|0|10|extra|adgemo|4|0|10
extra|aggenero|4|0|10|extra|adgenero|4|0|10
extra|aggeniculatio|2|0|10|extra|adgeniculatio|2|0|10
extra|aggeniculor|3|0|10|extra|adgeniculor|3|0|10
extra|aggestio|2|0|10|extra|adgestio|3|0|10
extra|agglomero|6|0|10|extra|adglomero|5|0|10
extra|agglutino|5|0|10|extra|adglutino|5|0|10
extra|aggravatio|2|0|10|extra|adgravatio|2|0|10
extra|aggravesco|3|0|10|extra|adgravesco|4|0|10
extra|aggravo|5|0|10|extra|adgravo|5|0|10
extra|aggredio|4|0|10|extra|adgredio|3|0|10
extra|aggredior|4|0|10|Coll|adgredior|5|0|10
extra|aggrego|6|0|10|Coll|adgrego|6|0|10
extra|aggressio|3|0|10|extra|adgressio|4|0|10
extra|aggressor|2|0|10|extra|adgressor|3|0|10
extra|aggressura|2|0|10|extra|adgressura|3|0|10
extra|agguberno|3|0|10|Coll|adguberno|5|0|10
extra|allabor|4|0|10|Coll|adlabor|6|0|10
extra|allaboro|5|0|10|extra|adlaboro|5|0|10
extra|allacrimans|2|0|10|extra|adlacrimans|3|0|10
extra|allacto|2|0|10|extra|adlacto|2|0|10
extra|allambo|3|0|10|extra|adlambo|3|0|10
extra|allatro|5|0|10|extra|adlatro|6|0|10
extra|allatus|2|0|10|extra|adlatus|3|0|10
extra|allaudabilis|4|0|10|extra|adlaudabilis|4|0|10
extra|allaudo|4|0|10|extra|adlaudo|4|0|10
extra|allectatio|4|0|10|extra|adlectatio|3|0|10
extra|allectio|4|0|10|extra|adlectio|3|0|10
extra|allector|3|0|10|extra|adlector|3|0|10
extra|allectura|3|0|10|extra|adlectura|2|0|10
extra|allegatio|3|0|10|extra|adlegatio|5|0|10
extra|allegatus|2|0|10|extra|adlegatus|3|0|10
extra|allevamentum|3|0|10|extra|adlevamentum|5|0|10
extra|allevatio|3|0|10|extra|adlevatio|5|0|10
extra|allevator|3|0|10|extra|adlevator|3|0|10
extra|allevio|4|0|10|extra|adlevio|4|0|10
extra|allicefacio|5|0|10|extra|adlicefacio|5|0|10
extra|allicio|5|0|10|extra|adlicio|6|0|10
extra|allido|5|0|10|extra|adlido|6|0|10
extra|alligamentum|2|0|10|extra|adligamentum|2|0|10
extra|alligatio|2|0|10|extra|adligatio|3|0|10
extra|alligator|2|0|10|extra|adligator|4|0|10
extra|alligatura|2|0|10|extra|adligatura|4|0|10
extra|alligo|4|0|10|Coll|adligo|7|0|10
extra|allino|4|0|10|Coll|adlino|7|0|10
extra|allisio|2|0|10|extra|adlisio|3|0|10
extra|allivescit|3|0|10|extra|adlivescit|3|0|10
extra|alloquium|3|0|10|Coll|adloquium|6|0|10
extra|alloquor|3|0|10|Coll|adloquor|6|0|10
extra|allubentia|2|0|10|extra|adlubentia|3|0|10
extra|allubesco|4|0|10|extra|adlubesco|3|0|10
extra|alluceo|5|0|10|extra|adluceo|5|0|10
extra|alluctor|2|0|10|extra|adluctor|3|0|10
extra|alludio|3|0|10|extra|adludio|3|0|10
extra|alluo|4|0|10|Coll|adluo|7|0|10
extra|allusio|4|0|10|extra|adlusio|3|0|10
extra|alluvio|2|0|10|extra|adluvio|5|0|10
extra|alluvius|2|0|10|extra|adluvius|3|0|10
extra|apparamentum|3|0|10|extra|adparamentum|2|0|10
extra|apparate|6|0|10|extra|adparate|2|0|10
extra|apparatio|6|0|10|extra|adparatio|2|0|10
extra|apparator|4|0|10|extra|adparator|2|0|10
extra|apparatrix|4|0|10|extra|adparatrix|2|0|10
extra|apparesco|4|0|10|extra|adparesco|2|0|10
extra|appario|4|0|10|extra|adpario|2|0|10
extra|apparitio|7|0|10|extra|adparitio|2|0|10
extra|apparitor|7|0|10|extra|adparitor|2|0|10
extra|apparitura|4|0|10|extra|adparitura|2|0|10
extra|appendix|7|0|10|Coll|adpendix|2|0|10
extra|appendo|8|0|10|extra|adpendo|4|0|10
extra|appensor|4|0|10|extra|adpensor|2|0|10
extra|appertineo|4|0|10|extra|adpertineo|4|0|10
extra|appetenter|6|0|10|extra|adpetenter|3|0|10
extra|appetentia|7|0|10|extra|adpetentia|3|0|10
extra|appetisso|4|0|10|extra|adpetisso|2|0|10
extra|appetitio|7|0|10|extra|adpetitio|3|0|10
extra|appetitor|4|0|10|extra|adpetitor|2|0|10
extra|applausor|3|0|10|extra|adplausor|2|0|10
extra|applicatus|7|0|10|extra|adplicatus|3|0|10
extra|applicitus|4|0|10|extra|adplicitus|2|0|10
extra|applodo|5|0|10|extra|adplodo|3|0|10
extra|apploro|7|0|10|extra|adploro|3|0|10
extra|apporrectus|5|0|10|extra|adporrectus|3|0|10
extra|apportatio|4|0|10|extra|adportatio|2|0|10
extra|apportatus|3|0|10|extra|adportatus|2|0|10
extra|apporto|8|0|10|extra|adporto|4|0|10
extra|apposco|4|0|10|extra|adposco|3|0|10
extra|appotus|5|0|10|extra|adpotus|3|0|10
extra|apprecor|6|0|10|Coll|adprecor|4|0|10
extra|apprehensibilis|4|0|10|extra|adprehensibilis|2|0|10
extra|apprehensio|5|0|10|extra|adprehensio|2|0|10
extra|apprenso|5|0|10|extra|adprenso|3|0|10
extra|appretio|5|0|10|extra|adpretio|3|0|10
extra|apprime|6|0|10|extra|adprime|3|0|10
extra|apprimo|7|0|10|Coll|adprimo|5|0|10
extra|apprimus|4|0|10|extra|adprimus|3|0|10
extra|approbatio|7|0|10|extra|adprobatio|3|0|10
extra|approbator|6|0|10|extra|adprobator|2|0|10
extra|approbe|5|0|10|extra|adprobe|2|0|10
extra|approbus|4|0|10|extra|adprobus|3|0|10
extra|appromissor|4|0|10|extra|adpromissor|3|0|10
extra|appromitto|7|0|10|extra|adpromitto|4|0|10
extra|approno|5|0|10|Coll|adprono|5|0|10
extra|appropero|8|0|10|extra|adpropero|4|0|10
extra|appropinquatio|7|0|10|extra|adpropinquatio|3|0|10
extra|approximo|5|0|10|extra|adproximo|4|0|10
extra|appugno|8|0|10|Coll|adpugno|4|0|10
extra|appunctus|2|0|10|extra|adpunctus|2|0|10
extra|appungo|3|0|10|extra|adpungo|2|0|10
extra|apsis|3|0|10|Coll|absis|5|0|10
extra|apsoros|3|0|10|extra|absoros|2|0|10
extra|arrado|2|0|10|extra|adrado|8|0|10
extra|arrectarius|3|0|10|extra|adrectarius|3|0|10
extra|arrectus|4|0|10|extra|adrectus|5|0|10
extra|arremigo|3|0|10|extra|adremigo|5|0|10
extra|arrepo|7|0|10|Coll|adrepo|7|0|10
extra|arrepticius|4|0|10|extra|adrepticius|3|0|10
extra|arreptivus|2|0|10|extra|adreptivus|2|0|10
extra|arria|3|0|10|extra|adria|5|0|10
extra|arrideo|6|0|10|Coll|adrideo|7|0|10
extra|arripio|6|0|10|Coll|adripio|7|0|10
extra|arrisio|4|0|10|extra|adrisio|4|0|10
extra|arrisor|4|0|10|extra|adrisor|4|0|10
extra|arrodo|5|0|10|extra|adrodo|6|0|10
extra|arrogans|6|0|10|Coll|adrogans|7|0|10
extra|arroganter|4|0|10|Coll|adroganter|5|0|10
extra|arrogantia|5|0|10|Coll|adrogantia|6|0|10
extra|arrogatio|4|0|10|extra|adrogatio|3|0|10
extra|arrogator|4|0|10|extra|adrogator|3|0|10
extra|arrogatus|2|0|10|extra|adrogatus|3|0|10
extra|arrogo|6|0|10|Coll|adrogo|7|0|10
extra|arroro|5|0|10|extra|adroro|4|0|10
extra|arrosor|4|0|10|extra|adrosor|4|0|10
extra|arrosus|3|0|10|extra|adrosus|4|0|10
extra|arrotans|5|0|10|extra|adrotans|4|0|10
extra|arruo|3|0|10|extra|adruo|5|0|10
extra|ascendens|3|0|10|extra|adscendens|3|0|10
extra|ascensio|7|0|10|extra|adscensio|3|0|10
extra|ascribo|7|0|10|Coll|adscribo|4|0|10
extra|ascripticius|5|0|10|extra|adscripticius|2|0|10
extra|ascriptio|5|0|10|extra|adscriptio|2|0|10
extra|ascriptivus|2|0|10|extra|adscriptivus|2|0|10
extra|ascriptor|5|0|10|extra|adscriptor|2|0|10
extra|aspectabilis|7|0|10|extra|adspectabilis|3|0|10
extra|aspectamen|3|0|10|extra|adspectamen|2|0|10
extra|aspectio|4|0|10|extra|adspectio|2|0|10
extra|aspiramen|4|0|10|extra|adspiramen|3|0|10
extra|aspiratio|7|0|10|extra|adspiratio|3|0|10
extra|aspiratus|3|0|10|extra|adspiratus|2|0|10
extra|aspuo|5|0|10|extra|adspuo|4|0|10
extra|assaluto|2|0|10|extra|adsaluto|2|0|10
extra|assecla|4|0|10|extra|adsecla|5|0|10
extra|assectatio|4|0|10|Coll|adsectatio|5|0|10
extra|assectator|4|0|10|Coll|adsectator|6|0|10
extra|assectatus|2|0|10|extra|adsectatus|3|0|10
extra|assector|5|0|10|Coll|adsector|6|0|10
extra|assecue|3|0|10|extra|adsecue|2|0|10
extra|assecutio|3|0|10|extra|adsecutio|2|0|10
extra|assecutor|4|0|10|extra|adsecutor|3|0|10
extra|assecutus|2|0|10|extra|adsecutus|3|0|10
extra|assedo|4|0|10|extra|adsedo|2|0|10
extra|assellatio|2|0|10|extra|adsellatio|2|0|10
extra|assellor|4|0|10|extra|adsellor|3|0|10
extra|assenesco|4|0|10|extra|adsenesco|3|0|10
extra|assensi|2|0|10|extra|adsensi|2|0|10
extra|assensio|5|0|10|Coll|adsensio|6|0|10
extra|assensor|5|0|10|extra|adsensor|5|0|10
extra|assentaneus|3|0|10|extra|adsentaneus|2|0|10
extra|assentatio|5|0|10|extra|adsentatio|5|0|10
extra|assentatiuncula|4|0|10|extra|adsentatiuncula|5|0|10
extra|assentator|4|0|10|extra|adsentator|5|0|10
extra|assentatorie|4|0|10|extra|adsentatorie|5|0|10
extra|assentatrix|4|0|10|extra|adsentatrix|3|0|10
extra|assentio|3|0|10|Coll|adsentio|5|0|10
extra|assentior|4|0|10|Coll|adsentior|6|0|10
extra|assentor|5|0|10|Coll|adsentor|6|0|10
extra|assequela|3|0|10|extra|adsequela|3|0|10
extra|assequor|5|0|10|Coll|adsequor|6|0|10
extra|assertio|3|0|10|extra|adsertio|4|0|10
extra|assertor|4|0|10|extra|adsertor|5|0|10
extra|assertorius|4|0|10|extra|adsertorius|3|0|10
extra|assertrix|3|0|10|extra|adsertrix|2|0|10
extra|assertum|4|0|10|extra|adsertum|3|0|10
extra|assertus|3|0|10|extra|adsertus|4|0|10
extra|asserui|2|0|10|extra|adserui|2|0|10
extra|asservatus|2|0|10|extra|adservatus|3|0|10
extra|asservio|5|0|10|extra|adservio|6|0|10
extra|asservo|6|0|10|Coll|adservo|7|0|10
extra|assessio|4|0|10|extra|adsessio|5|0|10
extra|assessor|5|0|10|extra|adsessor|5|0|10
extra|assessorius|4|0|10|extra|adsessorius|3|0|10
extra|assessura|4|0|10|extra|adsessura|3|0|10
extra|assestrix|4|0|10|extra|adsestrix|3|0|10
extra|asseverans|2|0|10|extra|adseverans|3|0|10
extra|asseveranter|4|0|10|extra|adseveranter|3|0|10
extra|asseverate|3|0|10|extra|adseverate|4|0|10
extra|asseveratio|4|0|10|Coll|adseveratio|6|0|10
extra|asseverativus|2|0|10|extra|adseverativus|2|0|10
extra|assevero|6|0|10|Coll|adsevero|7|0|10
extra|assibilo|5|0|10|extra|adsibilo|5|0|10
extra|assiccesco|5|0|10|extra|adsiccesco|4|0|10
extra|assicco|4|0|10|extra|adsicco|5|0|10
extra|assidelae|3|0|10|extra|adsidelae|3|0|10
extra|assideo|6|0|10|Coll|adsideo|7|0|10
extra|assido|6|0|10|extra|adsido|6|0|10
extra|assidue|5|0|10|Coll|adsidue|6|0|10
extra|assiduitas|5|0|10|Coll|adsiduitas|5|0|10
extra|assiduus|5|0|10|Coll|adsiduus|5|0|10
extra|assignatio|5|0|10|extra|adsignatio|5|0|10
extra|assignator|4|0|10|extra|adsignator|3|0|10
extra|assignatus|2|0|10|extra|adsignatus|2|0|10
extra|assignificatio|3|0|10|extra|adsignificatio|2|0|10
extra|assignifico|5|0|10|extra|adsignifico|3|0|10
extra|assigno|6|0|10|Coll|adsigno|6|0|10
extra|assimilatio|2|0|10|extra|adsimilatio|4|0|10
extra|assimilatus|2|0|10|extra|adsimilatus|3|0|10
extra|assimilis|6|0|10|extra|adsimilis|6|0|10
extra|assimiliter|3|0|10|extra|adsimiliter|3|0|10
extra|assimilo|3|0|10|extra|adsimilo|5|0|10
extra|assimulanter|3|0|10|extra|adsimulanter|2|0|10
extra|assimulaticius|4|0|10|extra|adsimulaticius|3|0|10
extra|assimulatio|3|0|10|extra|adsimulatio|5|0|10
extra|assimulativus|2|0|10|extra|adsimulativus|2|0|10
extra|assimulator|3|0|10|extra|adsimulator|2|0|10
extra|assimulatus|3|0|10|extra|adsimulatus|5|0|10
extra|assimulo|6|0|10|Coll|adsimulo|7|0|10
extra|assisto|6|0|10|Coll|adsisto|7|0|10
extra|assitus|4|0|10|extra|adsitus|5|0|10
extra|associatus|2|0|10|extra|adsociatus|2|0|10
extra|associo|5|0|10|extra|adsocio|5|0|10
extra|associus|3|0|10|extra|adsocius|2|0|10
extra|assoleo|5|0|10|Coll|adsoleo|6|0|10
extra|assolo|5|0|10|extra|adsolo|4|0|10
extra|assono|5|0|10|Coll|adsono|7|0|10
extra|assuctus|2|0|10|extra|adsuctus|2|0|10
extra|assudasco|2|0|10|extra|adsudasco|2|0|10
extra|assudesco|3|0|10|extra|adsudesco|3|0|10
extra|assuesco|6|0|10|Coll|adsuesco|6|0|10
extra|assuetudo|5|0|10|Coll|adsuetudo|6|0|10
extra|assuetus|5|0|10|extra|adsuetus|5|0|10
extra|assugo|4|0|10|extra|adsugo|4|0|10
extra|assultim|2|0|10|extra|adsultim|3|0|10
extra|assulto|5|0|10|Coll|adsulto|7|0|10
extra|assultus|4|0|10|Coll|adsultus|6|0|10
extra|assumentum|3|0|10|extra|adsumentum|3|0|10
extra|assumo|5|0|10|Coll|adsumo|7|0|10
extra|assumptio|5|0|10|extra|adsumptio|5|0|10
extra|assumptivus|4|0|10|extra|adsumptivus|4|0|10
extra|assuo|6|0|10|extra|adsuo|6|0|10
extra|assurgo|6|0|10|Coll|adsurgo|7|0|10
extra|assuspirans|2|0|10|extra|adsuspirans|2|0|10
extra|assuspiro|4|0|10|extra|adsuspiro|3|0|10
extra|asterno|7|0|10|extra|adsterno|4|0|10
extra|astipulatio|3|0|10|extra|adstipulatio|3|0|10
extra|astipulator|4|0|10|extra|adstipulator|4|0|10
extra|astipulatus|3|0|10|extra|adstipulatus|3|0|10
extra|astipulor|3|0|10|extra|adstipulor|4|0|10
extra|astituo|6|0|10|extra|adstituo|4|0|10
extra|asto|6|0|10|Coll|adsto|6|0|10
extra|astrangulo|4|0|10|extra|adstrangulo|4|0|10
extra|astrepo|8|0|10|Coll|adstrepo|6|0|10
extra|astricte|5|0|10|extra|adstricte|4|0|10
extra|astrictio|4|0|10|extra|adstrictio|3|0|10
extra|astrictorius|3|0|10|extra|adstrictorius|3|0|10
extra|astrictus|5|0|10|extra|adstrictus|4|0|10
extra|astridens|2|0|10|extra|adstridens|2|0|10
extra|astringo|8|0|10|Coll|adstringo|6|0|10
extra|astructio|3|0|10|extra|adstructio|3|0|10
extra|astructor|2|0|10|extra|adstructor|3|0|10
extra|astupeo|6|0|10|Coll|adstupeo|5|0|10
extra|attegro|3|0|10|extra|adtegro|2|0|10
extra|attemperate|5|0|10|extra|adtemperate|2|0|10
extra|attempero|5|0|10|extra|adtempero|3|0|10
extra|attendo|7|0|10|Coll|adtendo|5|0|10
extra|attentatio|4|0|10|extra|adtentatio|2|0|10
extra|attentatus|2|0|10|extra|adtentatus|2|0|10
extra|attentio|6|0|10|extra|adtentio|2|0|10
extra|attento|7|0|10|extra|adtento|4|0|10
extra|attenuate|5|0|10|extra|adtenuate|3|0|10
extra|attenuatio|5|0|10|extra|adtenuatio|3|0|10
extra|attenuatus|5|0|10|extra|adtenuatus|2|0|10
extra|attenuo|7|0|10|extra|adtenuo|4|0|10
extra|atterraneus|3|0|10|extra|adterraneus|2|0|10
extra|attertiarius|3|0|10|extra|adtertiarius|3|0|10
extra|attertiatus|4|0|10|extra|adtertiatus|3|0|10
extra|attestor|5|0|10|extra|adtestor|2|0|10
extra|attexo|6|0|10|Coll|adtexo|4|0|10
extra|attigo|4|0|10|extra|adtigo|3|0|10
extra|attillo|5|0|10|extra|adtillo|4|0|10
extra|attinae|4|0|10|extra|adtinae|3|0|10
extra|attingo|7|0|10|Coll|adtingo|6|0|10
extra|attitulo|5|0|10|extra|adtitulo|4|0|10
extra|attolero|5|0|10|extra|adtolero|4|0|10
extra|attollo|6|0|10|Coll|adtollo|3|0|10
extra|attondeo|7|0|10|extra|adtondeo|4|0|10
extra|attonite|3|0|10|extra|adtonite|2|0|10
extra|attono|7|0|10|extra|adtono|4|0|10
extra|attonsus|3|0|10|extra|adtonsus|2|0|10
extra|attorqueo|6|0|10|extra|adtorqueo|3|0|10
extra|attorreo|4|0|10|extra|adtorreo|2|0|10
extra|attractio|4|0|10|extra|adtractio|2|0|10
extra|attractivus|3|0|10|extra|adtractivus|2|0|10
extra|attraho|7|0|10|Coll|adtraho|4|0|10
extra|attrectatio|4|0|10|extra|adtrectatio|3|0|10
extra|attrecto|7|0|10|Coll|adtrecto|5|0|10
extra|attremo|4|0|10|extra|adtremo|2|0|10
extra|attribuo|7|0|10|Coll|adtribuo|6|0|10
extra|attributio|6|0|10|extra|adtributio|2|0|10
extra|attributus|3|0|10|extra|adtributus|3|0|10
extra|attulo|4|0|10|extra|adtulo|3|0|10
extra|attumulo|3|0|10|extra|adtumulo|3|0|10
extra|collacrimo|7|0|10|Coll|conlacrimo|6|0|10
extra|collaudo|7|0|10|Coll|conlaudo|6|0|10
extra|collocatio|6|0|10|Coll|conlocatio|5|0|10
extra|collustro|7|0|10|Coll|conlustro|6|0|10
extra|conlabasco|3|0|10|extra|collabasco|4|0|10
extra|conlabefacto|3|0|10|extra|collabefacto|5|0|10
extra|conlabefio|4|0|10|extra|collabefio|7|0|10
extra|conlabello|3|0|10|extra|collabello|5|0|10
extra|conlabor|2|0|10|Coll|collabor|7|0|10
extra|conlaceratus|2|0|10|extra|collaceratus|5|0|10
extra|conlacrimatio|4|0|10|extra|collacrimatio|5|0|10
extra|conlactaneus|2|0|10|extra|collactaneus|4|0|10
extra|conlactea|2|0|10|extra|collactea|2|0|10
extra|conlacteus|2|0|10|extra|collacteus|3|0|10
extra|conlaetor|2|0|10|extra|collaetor|4|0|10
extra|conlapsio|2|0|10|extra|collapsio|4|0|10
extra|conlapsus|3|0|10|extra|collapsus|4|0|10
extra|conlatero|3|0|10|extra|collatero|5|0|10
extra|conlaticius|2|0|10|extra|collaticius|4|0|10
extra|conlatio|4|0|10|Coll|collatio|7|0|10
extra|conlatitius|2|0|10|extra|collatitius|2|0|10
extra|conlativus|2|0|10|extra|collativus|4|0|10
extra|conlator|2|0|10|Coll|collator|5|0|10
extra|conlatro|3|0|10|extra|collatro|6|0|10
extra|conlaudabilis|3|0|10|extra|collaudabilis|5|0|10
extra|conlaudatio|4|0|10|extra|collaudatio|6|0|10
extra|conlaudator|2|0|10|extra|collaudator|4|0|10
extra|conlaxo|4|0|10|extra|collaxo|5|0|10
extra|conlecta|4|0|10|extra|collecta|5|0|10
extra|conlectaculum|2|0|10|extra|collectaculum|4|0|10
extra|conlectaneus|2|0|10|extra|collectaneus|5|0|10
extra|conlectarius|2|0|10|extra|collectarius|4|0|10
extra|conlecte|2|0|10|extra|collecte|4|0|10
extra|conlecticius|4|0|10|extra|collecticius|5|0|10
extra|conlectim|2|0|10|extra|collectim|4|0|10
extra|conlectio|4|0|10|Coll|collectio|7|0|10
extra|conlectivus|2|0|10|extra|collectivus|4|0|10
extra|conlector|2|0|10|extra|collector|4|0|10
extra|conlega|4|0|10|Coll|collega|7|0|10
extra|conlegatarius|2|0|10|extra|collegatarius|4|0|10
extra|conlegialis|3|0|10|extra|collegialis|5|0|10
extra|conlegiarius|2|0|10|extra|collegiarius|3|0|10
extra|conlegiatus|2|0|10|extra|collegiatus|4|0|10
extra|conlegium|4|0|10|Coll|collegium|7|0|10
extra|conleprosus|2|0|10|extra|colleprosus|4|0|10
extra|conliberta|2|0|10|extra|colliberta|4|0|10
extra|conlibertus|4|0|10|extra|collibertus|5|0|10
extra|conlibet|3|0|10|extra|collibet|4|0|10
extra|conlibro|4|0|10|extra|collibro|5|0|10
extra|conliciae|2|0|10|extra|colliciae|4|0|10
extra|conlicio|2|0|10|extra|collicio|2|0|10
extra|conlido|5|0|10|Coll|collido|8|0|10
extra|conligatio|4|0|10|extra|colligatio|5|0|10
extra|conlimitaneus|2|0|10|extra|collimitaneus|4|0|10
extra|conlimitium|2|0|10|extra|collimitium|4|0|10
extra|conlineo|5|0|10|extra|collineo|6|0|10
extra|conlino|4|0|10|extra|collino|6|0|10
extra|conliquefactus|4|0|10|extra|colliquefactus|4|0|10
extra|conliquesco|3|0|10|extra|colliquesco|5|0|10
extra|conlitus|2|0|10|extra|collitus|3|0|10
extra|conloco|5|0|10|Coll|colloco|9|0|10
extra|conlocupleto|5|0|10|extra|collocupleto|5|0|10
extra|conlocutio|4|0|10|extra|collocutio|6|0|10
extra|conlocutor|2|0|10|extra|collocutor|4|0|10
extra|conloquium|4|0|10|Coll|colloquium|7|0|10
extra|conloquor|4|0|10|Coll|colloquor|7|0|10
extra|conluceo|5|0|10|Coll|colluceo|8|0|10
extra|conluco|4|0|10|extra|colluco|5|0|10
extra|conluctator|2|0|10|extra|colluctator|4|0|10
extra|conludium|2|0|10|extra|colludium|4|0|10
extra|conludo|5|0|10|extra|colludo|7|0|10
extra|conlugeo|3|0|10|extra|collugeo|5|0|10
extra|conlumino|3|0|10|extra|collumino|5|0|10
extra|conluo|5|0|10|extra|colluo|7|0|10
extra|conlurchinatio|2|0|10|extra|collurchinatio|3|0|10
extra|conlusio|4|0|10|extra|collusio|6|0|10
extra|conlusor|4|0|10|extra|collusor|6|0|10
extra|conlusorie|2|0|10|extra|collusorie|4|0|10
extra|conlutio|2|0|10|extra|collutio|4|0|10
extra|conlutus|2|0|10|extra|collutus|4|0|10
extra|conluvies|4|0|10|Coll|colluvies|5|0|10
extra|conluvio|4|0|10|extra|colluvio|6|0|10
extra|conmemoramentum|2|0|10|extra|commemoramentum|4|0|10
extra|conmemoratio|2|0|10|Coll|commemoratio|8|0|10
extra|conmitigo|3|0|10|extra|commitigo|6|0|10
extra|conmolenda|3|0|10|extra|commolenda|3|0|10
extra|conmolior|2|0|10|extra|commolior|5|0|10
extra|conmonefacio|3|0|10|extra|commonefacio|8|0|10
extra|conmonstro|3|0|10|extra|commonstro|8|0|10
extra|conmorior|2|0|10|extra|commorior|6|0|10
extra|conmoror|2|0|10|Coll|commoror|8|0|10
extra|conpaciscor|2|0|10|extra|compaciscor|4|0|10
extra|conpareo|3|0|10|Coll|compareo|9|0|10
extra|conpenso|3|0|10|Coll|compenso|9|0|10
extra|conperior|2|0|10|extra|comperior|5|0|10
extra|conplexio|2|0|10|extra|complexio|7|0|10
extra|conplico|3|0|10|Coll|complico|9|0|10
extra|conploratio|2|0|10|Coll|comploratio|8|0|10
extra|conpono|4|0|10|Coll|compono|9|0|10
extra|conportatio|2|0|10|extra|comportatio|4|0|10
extra|conprecor|2|0|10|extra|comprecor|7|0|10
extra|conpressor|2|0|10|extra|compressor|4|0|10
extra|conrogo|3|0|10|Coll|corrogo|9|0|10
extra|corrado|6|0|10|extra|conrado|3|0|10
extra|corrasus|3|0|10|extra|conrasus|2|0|10
extra|corrationalitas|4|0|10|extra|conrationalitas|2|0|10
extra|correctio|7|0|10|extra|conrectio|2|0|10
extra|corrideo|5|0|10|extra|conrideo|3|0|10
extra|corrudis|2|0|10|extra|conrudis|2|0|10
extra|exanguis|4|0|10|Coll|exsanguis|9|0|10
extra|exarcio|3|0|10|Coll|exsarcio|7|0|10
extra|exatio|4|0|10|Coll|exsatio|9|0|10
extra|excribo|3|0|10|Coll|exscribo|9|0|10
extra|execrabilis|4|0|10|Coll|exsecrabilis|9|0|10
extra|execror|3|0|10|Coll|exsecror|8|0|10
extra|exequiae|7|0|10|Coll|exsequiae|8|0|10
extra|exequor|4|0|10|Coll|exsequor|8|0|10
extra|exibilo|3|0|10|Coll|exsibilo|7|0|10
extra|existo|7|0|10|Coll|exsisto|9|0|10
extra|exolvo|5|0|10|Coll|exsolvo|9|0|10
extra|expectatio|5|0|10|Coll|exspectatio|8|0|10
extra|expiro|7|0|10|Coll|exspiro|9|0|10
extra|exsacrifico|5|0|10|extra|exacrifico|2|0|10
extra|exsaevio|5|0|10|extra|exaevio|2|0|10
extra|exsanguinatus|4|0|10|extra|exanguinatus|2|0|10
extra|exsanio|5|0|10|extra|exanio|3|0|10
extra|exsaturo|8|0|10|extra|exaturo|2|0|10
extra|exscalpo|4|0|10|extra|excalpo|2|0|10
extra|exscidium|4|0|10|Coll|excidium|7|0|10
extra|exscindo|8|0|10|Coll|excindo|7|0|10
extra|exscissatus|3|0|10|extra|excissatus|3|0|10
extra|exscreabilis|4|0|10|extra|excreabilis|2|0|10
extra|exscreatio|5|0|10|extra|excreatio|2|0|10
extra|exscreatus|4|0|10|extra|excreatus|2|0|10
extra|exscreo|6|0|10|extra|excreo|3|0|10
extra|exsculpo|7|0|10|extra|exculpo|4|0|10
extra|exseco|8|0|10|extra|execo|5|0|10
extra|exsecrabilitas|4|0|10|extra|execrabilitas|2|0|10
extra|exsecramentum|4|0|10|extra|execramentum|2|0|10
extra|exsecutus|5|0|10|extra|executus|2|0|10
extra|exsensus|4|0|10|extra|exensus|2|0|10
extra|exsequens|5|0|10|extra|exequens|2|0|10
extra|exsequialis|7|0|10|extra|exequialis|3|0|10
extra|exsequior|4|0|10|extra|exequior|2|0|10
extra|exsercio|3|0|10|extra|exercio|3|0|10
extra|exsero|8|0|10|Coll|exero|7|0|10
extra|exserte|4|0|10|extra|exerte|2|0|10
extra|exserto|6|0|10|extra|exerto|4|0|10
extra|exsertus|6|0|10|Coll|exertus|4|0|10
extra|exsiccesco|4|0|10|extra|exiccesco|2|0|10
extra|exsicco|7|0|10|extra|exicco|4|0|10
extra|exsico|4|0|10|extra|exico|5|0|10
extra|exsigno|6|0|10|extra|exigno|2|0|10
extra|exsistentia|3|0|10|extra|existentia|2|0|10
extra|exsistentialis|2|0|10|extra|existentialis|3|0|10
extra|exsistentialitas|2|0|10|extra|existentialitas|2|0|10
extra|exsolesco|4|0|10|Coll|exolesco|9|0|10
extra|exsoletus|2|0|10|extra|exoletus|5|0|10
extra|exsolo|3|0|10|extra|exolo|2|0|10
extra|exsomnis|7|0|10|extra|exomnis|2|0|10
extra|exsorbeo|6|0|10|extra|exorbeo|3|0|10
extra|exsordesco|4|0|10|extra|exordesco|2|0|10
extra|exspectatus|6|0|10|Coll|expectatus|2|0|10
extra|exspersus|3|0|10|extra|expersus|2|0|10
extra|exspiratio|6|0|10|extra|expiratio|2|0|10
extra|exsplendesco|7|0|10|extra|explendesco|3|0|10
extra|exspoliatio|4|0|10|extra|expoliatio|3|0|10
extra|exspolio|8|0|10|Coll|expolio|9|0|10
extra|exspretus|3|0|10|extra|expretus|3|0|10
extra|exspuitio|4|0|10|extra|expuitio|2|0|10
extra|exspumo|4|0|10|extra|expumo|2|0|10
extra|extantia|2|0|10|extra|exstantia|4|0|10
extra|extasis|3|0|10|extra|exstasis|4|0|10
extra|externo|7|0|10|extra|exsterno|8|0|10
extra|extillo|3|0|10|extra|exstillo|6|0|10
extra|extimulo|5|0|10|extra|exstimulo|8|0|10
extra|extirpatio|2|0|10|extra|exstirpatio|4|0|10
extra|extirpator|2|0|10|extra|exstirpator|4|0|10
extra|extirpo|3|0|10|extra|exstirpo|7|0|10
extra|extructus|2|0|10|extra|exstructus|5|0|10
extra|exuccus|3|0|10|extra|exsuccus|3|0|10
extra|exucidus|2|0|10|extra|exsucidus|4|0|10
extra|exuco|2|0|10|extra|exsuco|3|0|10
extra|exuctus|2|0|10|extra|exsuctus|4|0|10
extra|exudatio|2|0|10|extra|exsudatio|3|0|10
extra|exudo|5|0|10|extra|exsudo|8|0|10
extra|exufflator|2|0|10|extra|exsufflator|3|0|10
extra|exufflo|2|0|10|extra|exsufflo|5|0|10
extra|exugeo|2|0|10|extra|exsugeo|3|0|10
extra|exugo|3|0|10|extra|exsugo|5|0|10
extra|exul|5|0|10|Coll|exsul|8|0|10
extra|exularis|2|0|10|extra|exsularis|4|0|10
extra|exulatio|2|0|10|extra|exsulatio|4|0|10
extra|exulator|2|0|10|extra|exsulator|3|0|10
extra|exulatus|2|0|10|extra|exsulatus|4|0|10
extra|exulo|6|0|10|Coll|exsulo|9|0|10
extra|exulor|2|0|10|extra|exsulor|3|0|10
extra|exultabundus|2|0|10|extra|exsultabundus|4|0|10
extra|exultans|2|0|10|extra|exsultans|6|0|10
extra|exultanter|2|0|10|extra|exsultanter|5|0|10
extra|exultantia|2|0|10|extra|exsultantia|4|0|10
extra|exultatio|3|0|10|extra|exsultatio|7|0|10
extra|exultativus|2|0|10|extra|exsultativus|3|0|10
extra|exultim|3|0|10|extra|exsultim|6|0|10
extra|exulto|5|0|10|Coll|exsulto|9|0|10
extra|exuperabilis|4|0|10|extra|exsuperabilis|8|0|10
extra|exuperans|2|0|10|extra|exsuperans|5|0|10
extra|exuperantia|2|0|10|Coll|exsuperantia|7|0|10
extra|exuperatio|2|0|10|extra|exsuperatio|4|0|10
extra|exuperatorius|2|0|10|extra|exsuperatorius|4|0|10
extra|exuperius|2|0|10|extra|exsuperius|2|0|10
extra|exupero|6|0|10|extra|exsupero|8|0|10
extra|exurdo|3|0|10|extra|exsurdo|7|0|10
extra|exurgo|6|0|10|Coll|exsurgo|9|0|10
extra|exuscitatio|2|0|10|extra|exsuscitatio|4|0|10
extra|exuscito|2|0|10|extra|exsuscito|8|0|10
extra|illacrimo|7|0|10|Coll|inlacrimo|6|0|10
extra|illibatus|5|0|10|Coll|inlibatus|5|0|10
extra|illicitus|6|0|10|Coll|inlicitus|5|0|10
extra|illunis|4|0|10|Coll|inlunis|4|0|10
extra|illuvies|6|0|10|Coll|inluvies|5|0|10
extra|imberbis|8|0|10|Coll|inberbis|3|0|10
extra|immerito|6|0|10|Coll|inmerito|2|0|10
extra|immoenis|3|0|10|Coll|inmoenis|2|0|10
extra|impeditus|6|0|10|Coll|inpeditus|3|0|10
extra|implacabilis|8|0|10|Coll|inplacabilis|3|0|10
extra|impromptus|6|0|10|Coll|inpromptus|2|0|10
extra|improsper|6|0|10|Coll|inprosper|2|0|10
extra|improspere|6|0|10|Coll|inprospere|1|0|10
extra|impugno|8|0|10|Coll|inpugno|3|0|10
extra|impunitus|7|0|10|Coll|inpunitus|3|0|10
extra|impurus|7|0|10|Coll|inpurus|3|0|10
extra|inlabefactus|4|0|10|extra|illabefactus|5|0|10
extra|inlabor|4|0|10|Coll|illabor|7|0|10
extra|inlaboratus|3|0|10|extra|illaboratus|5|0|10
extra|inlaboro|5|0|10|extra|illaboro|6|0|10
extra|inlacerabilis|2|0|10|extra|illacerabilis|4|0|10
extra|inlacessitus|3|0|10|extra|illacessitus|5|0|10
extra|inlacrimabilis|3|0|10|extra|illacrimabilis|7|0|10
extra|inlacrimor|4|0|10|extra|illacrimor|5|0|10
extra|inlaesus|4|0|10|Coll|illaesus|7|0|10
extra|inlaetabilis|4|0|10|extra|illaetabilis|7|0|10
extra|inlamentatus|3|0|10|extra|illamentatus|4|0|10
extra|inlaqueatus|2|0|10|extra|illaqueatus|4|0|10
extra|inlaqueo|4|0|10|extra|illaqueo|7|0|10
extra|inlargio|2|0|10|extra|illargio|3|0|10
extra|inlatabilis|2|0|10|extra|illatabilis|4|0|10
extra|inlatebro|2|0|10|extra|illatebro|4|0|10
extra|inlatio|3|0|10|extra|illatio|4|0|10
extra|inlativus|2|0|10|extra|illativus|4|0|10
extra|inlatro|3|0|10|extra|illatro|4|0|10
extra|inlatus|4|0|10|extra|illatus|4|0|10
extra|inlaudabilis|3|0|10|extra|illaudabilis|5|0|10
extra|inlaudandus|2|0|10|extra|illaudandus|3|0|10
extra|inlaudatus|4|0|10|extra|illaudatus|5|0|10
extra|inlautus|3|0|10|extra|illautus|3|0|10
extra|inlecebra|4|0|10|Coll|illecebra|7|0|10
extra|inlecebro|3|0|10|extra|illecebro|4|0|10
extra|inlecebrosus|3|0|10|extra|illecebrosus|4|0|10
extra|inlectamentum|3|0|10|extra|illectamentum|4|0|10
extra|inlectatio|2|0|10|extra|illectatio|4|0|10
extra|inlectio|2|0|10|extra|illectio|3|0|10
extra|inlecto|3|0|10|extra|illecto|5|0|10
extra|inlegitimus|3|0|10|extra|illegitimus|4|0|10
extra|inlepide|4|0|10|extra|illepide|5|0|10
extra|inlepidus|4|0|10|extra|illepidus|6|0|10
extra|inlibabilis|2|0|10|extra|illibabilis|4|0|10
extra|inliberalis|5|0|10|extra|illiberalis|7|0|10
extra|inliberalitas|4|0|10|extra|illiberalitas|4|0|10
extra|inliberaliter|4|0|10|extra|illiberaliter|5|0|10
extra|inlicio|4|0|10|Coll|illicio|9|0|10
extra|inlicitatio|2|0|10|extra|illicitatio|3|0|10
extra|inlicitator|4|0|10|extra|illicitator|5|0|10
extra|inlicium|3|0|10|extra|illicium|4|0|10
extra|inlido|4|0|10|Coll|illido|8|0|10
extra|inligamentum|2|0|10|extra|illigamentum|3|0|10
extra|inligatio|2|0|10|extra|illigatio|4|0|10
extra|inligo|4|0|10|Coll|illigo|8|0|10
extra|inlimis|5|0|10|Coll|illimis|6|0|10
extra|inlinimentum|3|0|10|extra|illinimentum|4|0|10
extra|inlinio|2|0|10|extra|illinio|4|0|10
extra|inlino|5|0|10|Coll|illino|9|0|10
extra|inliquefactus|3|0|10|extra|illiquefactus|5|0|10
extra|inliquor|2|0|10|extra|illiquor|4|0|10
extra|inlisio|2|0|10|extra|illisio|4|0|10
extra|inlitteratus|4|0|10|extra|illitteratus|4|0|10
extra|inlocabilis|3|0|10|extra|illocabilis|4|0|10
extra|inlotus|4|0|10|extra|illotus|5|0|10
extra|inlubrico|2|0|10|extra|illubrico|3|0|10
extra|inluceo|3|0|10|extra|illuceo|5|0|10
extra|inlucesco|4|0|10|Coll|illucesco|8|0|10
extra|inluctans|2|0|10|extra|illuctans|3|0|10
extra|inludo|4|0|10|Coll|illudo|8|0|10
extra|inluminate|4|0|10|extra|illuminate|4|0|10
extra|inlumino|5|0|10|Coll|illumino|8|0|10
extra|inluminus|3|0|10|extra|illuminus|4|0|10
extra|inlusio|4|0|10|extra|illusio|4|0|10
extra|inlusor|2|0|10|extra|illusor|4|0|10
extra|inlustramentum|2|0|10|extra|illustramentum|4|0|10
extra|inlustratio|2|0|10|extra|illustratio|4|0|10
extra|inlustrator|2|0|10|extra|illustrator|4|0|10
extra|inlustris|5|0|10|Coll|illustris|7|0|10
extra|inlustro|5|0|10|Coll|illustro|8|0|10
extra|inlusus|3|0|10|extra|illusus|4|0|10
extra|inlutilis|3|0|10|extra|illutilis|4|0|10
extra|inpello|4|0|10|Coll|impello|9|0|10
extra|inpertio|3|0|10|Coll|impertio|9|0|10
extra|inpilia|2|0|10|extra|impilia|4|0|10
extra|inplacidus|3|0|10|extra|implacidus|5|0|10
extra|inplumis|3|0|10|extra|implumis|7|0|10
extra|inpluo|2|0|10|Coll|impluo|8|0|10
extra|inpraesentiarum|3|0|10|extra|impraesentiarum|6|0|10
extra|inprimis|4|0|10|extra|imprimis|7|0|10
extra|inreparabilis|4|0|10|Coll|irreparabilis|8|0|10
extra|inreprehensus|2|0|10|Coll|irreprehensus|7|0|10
extra|inrideo|5|0|10|Coll|irrideo|8|0|10
extra|inrigo|5|0|10|Coll|irrigo|8|0|10
extra|inrisor|4|0|10|Coll|irrisor|7|0|10
extra|inritamentum|3|0|10|Coll|irritamentum|6|0|10
extra|inritus|4|0|10|Coll|irritus|7|0|10
extra|inrumpo|5|0|10|Coll|irrumpo|8|0|10
extra|inruo|5|0|10|Coll|irruo|8|0|10
extra|irraucesco|5|0|10|extra|inraucesco|3|0|10
extra|irreligatus|4|0|10|extra|inreligatus|2|0|10
extra|irreligiose|4|0|10|extra|inreligiose|2|0|10
extra|irreligiosus|5|0|10|Coll|inreligiosus|3|0|10
extra|irremeabilis|7|0|10|extra|inremeabilis|3|0|10
extra|irrepertus|5|0|10|extra|inrepertus|2|0|10
extra|irrepo|7|0|10|Coll|inrepo|5|0|10
extra|irrequietus|5|0|10|extra|inrequietus|2|0|10
extra|irresectus|4|0|10|extra|inresectus|2|0|10
extra|irresolutus|4|0|10|extra|inresolutus|2|0|10
extra|irretio|7|0|10|extra|inretio|4|0|10
extra|irretortus|4|0|10|extra|inretortus|2|0|10
extra|irreverentia|6|0|10|extra|inreverentia|2|0|10
extra|irrevocabilis|7|0|10|extra|inrevocabilis|3|0|10
extra|irrevocatus|4|0|10|extra|inrevocatus|2|0|10
extra|irridicule|6|0|10|extra|inridicule|2|0|10
extra|irridiculum|4|0|10|extra|inridiculum|2|0|10
extra|irrigatio|5|0|10|extra|inrigatio|3|0|10
extra|irriguus|6|0|10|Coll|inriguus|4|0|10
extra|irrimor|2|0|10|extra|inrimor|2|0|10
extra|irrisio|5|0|10|extra|inrisio|4|0|10
extra|irritabilis|7|0|10|extra|inritabilis|4|0|10
extra|irritabilitas|4|0|10|extra|inritabilitas|2|0|10
extra|irritamen|6|0|10|extra|inritamen|3|0|10
extra|irritatio|6|0|10|extra|inritatio|4|0|10
extra|irritator|5|0|10|extra|inritator|2|0|10
extra|irrogatio|5|0|10|extra|inrogatio|4|0|10
extra|irrogo|6|0|10|extra|inrogo|5|0|10
extra|irroro|7|0|10|extra|inroro|4|0|10
extra|irructo|4|0|10|extra|inructo|3|0|10
extra|irrumatio|3|0|10|extra|inrumatio|3|0|10
extra|irrumator|3|0|10|extra|inrumator|2|0|10
extra|irrumo|5|0|10|extra|inrumo|5|0|10
extra|irruptio|6|0|10|extra|inruptio|3|0|10
extra|irrutilo|4|0|10|extra|inrutilo|2|0|10
extra|obfirmo|4|0|10|Coll|offirmo|9|0|10
extra|obfundo|3|0|10|Coll|offundo|9|0|10
extra|obpugnatio|3|0|10|Coll|oppugnatio|8|0|10
extra|obs|2|0|10|Coll|ops|8|0|10
extra|occaeco|8|0|10|extra|obcaeco|4|0|10
extra|occallatus|4|0|10|extra|obcallatus|3|0|10
extra|occallesco|8|0|10|extra|obcallesco|4|0|10
extra|occulco|8|0|10|extra|obculco|3|0|10
extra|offigo|6|0|10|extra|obfigo|3|0|10
extra|offirmate|4|0|10|extra|obfirmate|3|0|10
extra|offirmatus|6|0|10|extra|obfirmatus|2|0|10
extra|offlecto|4|0|10|extra|obflecto|2|0|10
extra|offrenatus|4|0|10|extra|obfrenatus|3|0|10
extra|offringo|5|0|10|extra|obfringo|3|0|10
extra|offusus|5|0|10|extra|obfusus|3|0|10
extra|opporto|3|0|10|extra|obporto|3|0|10
extra|opprobro|6|0|10|extra|obprobro|3|0|10
extra|oppugnator|7|0|10|extra|obpugnator|3|0|10
extra|opscus|2|0|10|extra|obscus|2|0|10
extra|opsecro|4|0|10|Coll|obsecro|9|0|10
extra|opsecula|2|0|10|extra|obsecula|2|0|10
extra|opsonatio|3|0|10|extra|obsonatio|4|0|10
extra|opsonator|4|0|10|extra|obsonator|5|0|10
extra|opsonatus|3|0|10|Coll|obsonatus|5|0|10
extra|opsonito|2|0|10|extra|obsonito|4|0|10
extra|opsonium|4|0|10|Coll|obsonium|7|0|10
extra|opsono|4|0|10|Coll|obsono|8|0|10
extra|opstetrix|2|0|10|extra|obstetrix|7|0|10
extra|subcingo|2|0|10|Coll|succingo|9|0|10
extra|subclamo|4|0|10|Coll|succlamo|9|0|10
extra|subcresco|6|0|10|Coll|succresco|9|0|10
extra|subcumbo|5|0|10|Coll|succumbo|9|0|10
extra|subcurro|2|0|10|Coll|succurro|8|0|10
extra|subcutio|3|0|10|Coll|succutio|9|0|10
extra|subfero|4|0|10|Coll|suffero|9|0|10
extra|subfigo|2|0|10|Coll|suffigo|9|0|10
extra|subfio|2|0|10|Coll|suffio|9|0|10
extra|subfodio|5|0|10|Coll|suffodio|9|0|10
extra|subfundo|4|0|10|Coll|suffundo|9|0|10
extra|subgero|4|0|10|Coll|suggero|9|0|10
extra|subgredior|3|0|10|Coll|suggredior|7|0|10
extra|submisse|6|0|10|Coll|summisse|4|0|10
extra|subtilitas|6|0|10|Coll|suptilitas|2|0|10
extra|succeno|2|0|10|extra|subceno|4|0|10
extra|succentivus|4|0|10|extra|subcentivus|2|0|10
extra|succerno|3|0|10|extra|subcerno|5|0|10
extra|succoelestis|3|0|10|extra|subcoelestis|2|0|10
extra|succoeno|3|0|10|extra|subcoeno|2|0|10
extra|succontumeliose|2|0|10|extra|subcontumeliose|5|0|10
extra|succrepo|3|0|10|extra|subcrepo|3|0|10
extra|succretus|3|0|10|extra|subcretus|3|0|10
extra|succrispus|2|0|10|extra|subcrispus|6|0|10
extra|succrotillus|4|0|10|extra|subcrotillus|3|0|10
extra|succumbus|3|0|10|extra|subcumbus|4|0|10
extra|succurator|2|0|10|extra|subcurator|4|0|10
extra|succursor|3|0|10|extra|subcursor|3|0|10
extra|succus|4|0|10|extra|subcus|2|0|10
extra|suffarcino|6|0|10|extra|subfarcino|3|0|10
extra|suffermentatus|3|0|10|extra|subfermentatus|3|0|10
extra|suffervefacio|4|0|10|extra|subfervefacio|4|0|10
extra|sufferveo|3|0|10|extra|subferveo|3|0|10
extra|suffibulum|4|0|10|extra|subfibulum|2|0|10
extra|sufflavus|3|0|10|Coll|subflavus|4|0|10
extra|sufflo|7|0|10|extra|subflo|3|0|10
extra|suffossio|5|0|10|extra|subfossio|2|0|10
extra|suffragatio|7|0|10|extra|subfragatio|3|0|10
extra|suffrico|5|0|10|extra|subfrico|3|0|10
extra|suffrigide|3|0|10|extra|subfrigide|3|0|10
extra|suffrigidus|4|0|10|extra|subfrigidus|2|0|10
extra|suffringo|6|0|10|extra|subfringo|3|0|10
extra|suffugio|7|0|10|extra|subfugio|2|0|10
extra|suffulcio|7|0|10|extra|subfulcio|3|0|10
extra|suffulgeo|4|0|10|extra|subfulgeo|2|0|10
extra|suffumigo|5|0|10|extra|subfumigo|2|0|10
extra|suffundatus|3|0|10|extra|subfundatus|3|0|10
extra|suffuror|4|0|10|extra|subfuror|3|0|10
extra|suffusculus|2|0|10|extra|subfusculus|3|0|10
extra|suffuscus|4|0|10|extra|subfuscus|3|0|10
extra|suffusio|5|0|10|extra|subfusio|3|0|10
extra|suggestio|4|0|10|extra|subgestio|3|0|10
extra|sugglutio|4|0|10|extra|subglutio|3|0|10
extra|suggrandis|6|0|10|extra|subgrandis|3|0|10
extra|suggrunda|4|0|10|extra|subgrunda|3|0|10
extra|suggrundarium|3|0|10|extra|subgrundarium|2|0|10
extra|suggrundatio|3|0|10|extra|subgrundatio|3|0|10
extra|suggrundium|2|0|10|extra|subgrundium|2|0|10
extra|suggrunnio|4|0|10|extra|subgrunnio|3|0|10
extra|summanes|4|0|10|extra|submanes|2|0|10
extra|summano|4|0|10|extra|submano|2|0|10
extra|summanus|4|0|10|extra|submanus|2|0|10
extra|summedius|2|0|10|extra|submedius|4|0|10
extra|summejo|2|0|10|extra|submejo|2|0|10
extra|summejulus|2|0|10|extra|submejulus|2|0|10
extra|summemmium|2|0|10|extra|submemmium|2|0|10
extra|summergo|4|0|10|Coll|submergo|9|0|10
extra|summersio|2|0|10|extra|submersio|4|0|10
extra|summerso|2|0|10|extra|submerso|3|0|10
extra|summerus|2|0|10|extra|submerus|4|0|10
extra|summigratio|2|0|10|extra|submigratio|4|0|10
extra|summinia|2|0|10|extra|subminia|4|0|10
extra|sumministratio|2|0|10|extra|subministratio|4|0|10
extra|sumministrator|2|0|10|extra|subministrator|5|0|10
extra|sumministro|4|0|10|Coll|subministro|9|0|10
extra|summissim|3|0|10|extra|submissim|5|0|10
extra|summissio|3|0|10|extra|submissio|6|0|10
extra|summitto|4|0|10|Coll|submitto|9|0|10
extra|summoenium|3|0|10|extra|submoenium|2|0|10
extra|summoleste|2|0|10|extra|submoleste|6|0|10
extra|summolestus|2|0|10|extra|submolestus|6|0|10
extra|summoneo|5|0|10|extra|submoneo|6|0|10
extra|summonstro|3|0|10|extra|submonstro|3|0|10
extra|summorosus|2|0|10|Coll|submorosus|7|0|10
extra|summotatio|2|0|10|extra|submotatio|3|0|10
extra|summotor|2|0|10|extra|submotor|2|0|10
extra|summotus|3|0|10|extra|submotus|4|0|10
extra|summoveo|5|0|10|Coll|submoveo|9|0|10
extra|summurmuro|3|0|10|extra|submurmuro|5|0|10
extra|summussus|3|0|10|extra|submussus|2|0|10
extra|summuto|5|0|10|extra|submuto|7|0|10
extra|supter|2|0|10|Coll|subter|8|0|10
extra|adcenseo|1|0|10|extra|accenseo|8|0|10
extra|adclinis|2|0|10|Coll|acclinis|9|0|10
extra|adclino|2|0|10|Coll|acclino|9|0|10
extra|adclivitas|1|0|10|extra|acclivitas|6|0|10
extra|adcommodate|1|0|10|extra|accommodate|6|0|10
extra|adcommodatio|1|0|10|extra|accommodatio|7|0|10
extra|adcommodatus|1|0|10|extra|accommodatus|7|0|10
extra|adcorporo|1|0|10|extra|accorporo|5|0|10
extra|adcretus|1|0|10|extra|accretus|3|0|10
extra|adcumulate|1|0|10|extra|accumulate|6|0|10
extra|adcumulatio|1|0|10|extra|accumulatio|4|0|10
extra|adcumulo|2|0|10|extra|accumulo|8|0|10
extra|adcurro|2|0|10|Coll|accurro|9|0|10
extra|adcursus|1|0|10|Coll|accursus|8|0|10
extra|adf|1|0|10|extra|aff|3|0|10
extra|adgar|1|0|10|extra|aggar|3|0|10
extra|adgeratio|1|0|10|extra|aggeratio|4|0|10
extra|adlenimentum|1|0|10|extra|allenimentum|4|0|10
extra|adpango|2|0|10|extra|appango|3|0|10
extra|adparenter|1|0|10|extra|apparenter|3|0|10
extra|adparentia|1|0|10|extra|apparentia|4|0|10
extra|adpectoro|2|0|10|extra|appectoro|4|0|10
extra|adpendeo|2|0|10|extra|appendeo|5|0|10
extra|adpensus|1|0|10|extra|appensus|5|0|10
extra|adpetibilis|2|0|10|extra|appetibilis|5|0|10
extra|adpetitorius|1|0|10|extra|appetitorius|2|0|10
extra|adplosus|1|0|10|extra|applosus|3|0|10
extra|adplumbatus|1|0|10|extra|applumbatus|3|0|10
extra|adposite|1|0|10|extra|apposite|6|0|10
extra|adpositio|1|0|10|extra|appositio|5|0|10
extra|adpositum|1|0|10|extra|appositum|4|0|10
extra|adpressus|1|0|10|extra|appressus|3|0|10
extra|adprobatus|1|0|10|extra|approbatus|4|0|10
extra|adproperatus|1|0|10|extra|approperatus|3|0|10
extra|adpropriatio|1|0|10|extra|appropriatio|4|0|10
extra|adproprio|2|0|10|extra|approprio|5|0|10
extra|adreptus|1|0|10|extra|arreptus|3|0|10
extra|adscalpo|1|0|10|Coll|ascalpo|5|0|10
extra|adscensor|1|0|10|extra|ascensor|4|0|10
extra|adscriptus|1|0|10|extra|ascriptus|2|0|10
extra|adsentiae|1|0|10|extra|assentiae|2|0|10
extra|adsistrix|1|0|10|extra|assistrix|3|0|10
extra|adsocietas|1|0|10|extra|associetas|3|0|10
extra|adsolido|1|0|10|extra|assolido|2|0|10
extra|adsonatio|1|0|10|extra|assonatio|2|0|10
extra|adspargo|2|0|10|Coll|aspargo|5|0|10
extra|adspiramentum|1|0|10|extra|aspiramentum|3|0|10
extra|adspirativus|1|0|10|extra|aspirativus|3|0|10
extra|adst|1|0|10|Coll|ast|7|0|10
extra|adstrido|1|0|10|extra|astrido|2|0|10
extra|adsumptor|1|0|10|extra|assumptor|3|0|10
extra|adsumptrix|1|0|10|extra|assumptrix|2|0|10
extra|adsurrexi|1|0|10|extra|assurrexi|3|0|10
extra|adtamino|1|0|10|extra|attamino|5|0|10
extra|adtempto|2|0|10|extra|attempto|4|0|10
extra|adtermino|2|0|10|extra|attermino|5|0|10
extra|adtestatio|1|0|10|extra|attestatio|4|0|10
extra|adtestator|1|0|10|extra|attestator|2|0|10
extra|adtinguo|1|0|10|extra|attinguo|2|0|10
extra|adtitulatio|1|0|10|extra|attitulatio|2|0|10
extra|adtollentia|1|0|10|extra|attollentia|2|0|10
extra|adtonsio|1|0|10|extra|attonsio|2|0|10
extra|adtrepido|2|0|10|extra|attrepido|5|0|10
extra|adtributor|1|0|10|extra|attributor|2|0|10
extra|adtributum|1|0|10|extra|attributum|5|0|10
extra|adtritio|1|0|10|extra|attritio|4|0|10
extra|adtropo|1|0|10|extra|attropo|2|0|10
extra|adtubernalis|1|0|10|extra|attubernalis|4|0|10
extra|adtueor|1|0|10|extra|attueor|2|0|10
extra|adturatio|1|0|10|extra|atturatio|2|0|10
extra|affabulatio|1|0|10|extra|adfabulatio|2|0|10
extra|affaniae|1|0|10|extra|adfaniae|1|0|10
extra|affatio|1|0|10|extra|adfatio|2|0|10
extra|affaveo|1|0|10|extra|adfaveo|2|0|10
extra|affectate|1|0|10|extra|adfectate|2|0|10
extra|affectaticius|1|0|10|extra|adfectaticius|2|0|10
extra|affectato|1|0|10|extra|adfectato|3|0|10
extra|affectatus|1|0|10|extra|adfectatus|4|0|10
extra|affectionalis|1|0|10|extra|adfectionalis|2|0|10
extra|affectivus|1|0|10|extra|adfectivus|2|0|10
extra|affectuose|1|0|10|extra|adfectuose|3|0|10
extra|afferenda|1|0|10|extra|adferenda|1|0|10
extra|affestino|1|0|10|extra|adfestino|2|0|10
extra|affictio|1|0|10|extra|adfictio|2|0|10
extra|affictitius|1|0|10|extra|adfictitius|1|0|10
extra|affictus|1|0|10|extra|adfictus|4|0|10
extra|affiliatio|1|0|10|extra|adfiliatio|1|0|10
extra|affirmanter|1|0|10|extra|adfirmanter|2|0|10
extra|affirmative|1|0|10|extra|adfirmative|2|0|10
extra|afflamen|1|0|10|extra|adflamen|2|0|10
extra|afflatorius|1|0|10|extra|adflatorius|2|0|10
extra|afflictim|1|0|10|extra|adflictim|2|0|10
extra|afflictrix|2|0|10|extra|adflictrix|3|0|10
extra|affluente|1|0|10|extra|adfluente|1|0|10
extra|affluitas|1|0|10|extra|adfluitas|2|0|10
extra|affluxio|1|0|10|extra|adfluxio|2|0|10
extra|affore|1|0|10|extra|adfore|5|0|10
extra|afforem|1|0|10|extra|adforem|1|0|10
extra|affurcillo|1|0|10|extra|adfurcillo|2|0|10
extra|affusio|1|0|10|extra|adfusio|2|0|10
extra|aggestim|1|0|10|extra|adgestim|2|0|10
extra|aggestum|1|0|10|extra|adgestum|3|0|10
extra|agglutinatio|1|0|10|extra|adglutinatio|2|0|10
extra|aggregatio|1|0|10|extra|adgregatio|2|0|10
extra|all|1|0|10|extra|adl|1|0|10
extra|allabo|2|0|10|extra|adlabo|3|0|10
extra|allacrimo|1|0|10|extra|adlacrimo|2|0|10
extra|allectorius|1|0|10|extra|adlectorius|2|0|10
extra|allegati|1|0|10|extra|adlegati|1|0|10
extra|allevaticius|1|0|10|extra|adlevaticius|2|0|10
extra|allevatus|1|0|10|extra|adlevatus|3|0|10
extra|allexi|1|0|10|extra|adlexi|2|0|10
extra|alligamen|1|0|10|extra|adligamen|2|0|10
extra|alligati|1|0|10|extra|adligati|1|0|10
extra|allinio|1|0|10|extra|adlinio|2|0|10
extra|allisus|1|0|10|extra|adlisus|5|0|10
extra|allocutivus|1|0|10|extra|adlocutivus|2|0|10
extra|allocutor|1|0|10|extra|adlocutor|2|0|10
extra|allocutus|1|0|10|extra|adlocutus|5|0|10
extra|alluctamentum|1|0|10|extra|adluctamentum|2|0|10
extra|appetulantia|1|0|10|extra|adpetulantia|1|0|10
extra|applex|2|0|10|extra|adplex|2|0|10
extra|applicaturus|1|0|10|extra|adplicaturus|1|0|10
extra|appliciturus|1|0|10|extra|adpliciturus|1|0|10
extra|applumbo|2|0|10|extra|adplumbo|2|0|10
extra|appuli|1|0|10|extra|adpuli|1|0|10
extra|aps|1|0|10|Coll|abs|7|0|10
extra|apsinthium|1|0|10|extra|absinthium|5|0|10
extra|apsumo|2|0|10|Coll|absumo|9|0|10
extra|apsyrtis|1|0|10|extra|absyrtis|4|0|10
extra|arreptans|1|0|10|extra|adreptans|3|0|10
extra|asp|1|0|10|extra|adsp|3|0|10
extra|assecula|2|0|10|extra|adsecula|3|0|10
extra|asseque|1|0|10|extra|adseque|1|0|10
extra|assevi|1|0|10|extra|adsevi|2|0|10
extra|assiduissime|1|0|10|extra|adsiduissime|1|0|10
extra|assimilanter|1|0|10|extra|adsimilanter|1|0|10
extra|assonus|1|0|10|extra|adsonus|1|0|10
extra|assubrigo|1|0|10|extra|adsubrigo|2|0|10
extra|assudasso|1|0|10|extra|adsudasso|1|0|10
extra|assudo|1|0|10|extra|adsudo|2|0|10
extra|assuefactus|1|0|10|extra|adsuefactus|2|0|10
extra|assuevi|1|0|10|extra|adsuevi|2|0|10
extra|astiti|1|0|10|extra|adstiti|2|0|10
extra|astrangulatus|1|0|10|extra|adstrangulatus|1|0|10
extra|atterui|1|0|10|extra|adterui|1|0|10
extra|attestatus|1|0|10|extra|adtestatus|1|0|10
extra|attinctus|1|0|10|extra|adtinctus|1|0|10
extra|attolo|1|0|10|extra|adtolo|1|0|10
extra|attracto|2|0|10|extra|adtracto|2|0|10
extra|attrectabilis|1|0|10|extra|adtrectabilis|1|0|10
extra|attrectator|1|0|10|extra|adtrectator|1|0|10
extra|attribulatus|1|0|10|extra|adtribulatus|1|0|10
extra|attrivi|1|0|10|extra|adtrivi|2|0|10
extra|attuli|1|0|10|extra|adtuli|2|0|10
extra|attusus|1|0|10|extra|adtusus|1|0|10
extra|conl|2|0|10|extra|coll|1|0|10
extra|conlaboro|1|0|10|extra|collaboro|5|0|10
extra|conlacrumo|2|0|10|extra|collacrumo|2|0|10
extra|conlactanea|1|0|10|extra|collactanea|2|0|10
extra|conlaevo|1|0|10|extra|collaevo|2|0|10
extra|conlativum|1|0|10|extra|collativum|3|0|10
extra|conlectitius|1|0|10|extra|collectitius|2|0|10
extra|conlevo|2|0|10|Coll|collevo|6|0|10
extra|conlibeo|1|0|10|Coll|collibeo|4|0|10
extra|conlibratio|1|0|10|extra|collibratio|2|0|10
extra|conliciares|1|0|10|extra|colliciares|2|0|10
extra|conliciaris|2|0|10|extra|colliciaris|3|0|10
extra|conligate|1|0|10|extra|colligate|3|0|10
extra|conligatius|1|0|10|extra|colligatius|1|0|10
extra|conlimito|2|0|10|extra|collimito|4|0|10
extra|conlimitor|1|0|10|extra|collimitor|3|0|10
extra|conlinio|2|0|10|extra|collinio|2|0|10
extra|conliquiae|1|0|10|extra|colliquiae|3|0|10
extra|conlisio|1|0|10|extra|collisio|4|0|10
extra|conlocatus|1|0|10|extra|collocatus|3|0|10
extra|conlubet|1|0|10|extra|collubet|2|0|10
extra|conluctatio|1|0|10|extra|colluctatio|5|0|10
extra|conluctor|1|0|10|extra|colluctor|5|0|10
extra|conlurcinatio|1|0|10|extra|collurcinatio|3|0|10
extra|conlutito|2|0|10|extra|collutito|2|0|10
extra|conluvium|1|0|10|extra|colluvium|4|0|10
extra|conmalaxo|1|0|10|extra|commalaxo|5|0|10
extra|conmanduco|1|0|10|extra|commanduco|5|0|10
extra|conmeatus|1|0|10|Coll|commeatus|8|0|10
extra|conmemini|1|0|10|Coll|commemini|8|0|10
extra|conmemorabilis|2|0|10|extra|commemorabilis|7|0|10
extra|conmemoro|2|0|10|Coll|commemoro|9|0|10
extra|conmendo|1|0|10|Coll|commendo|9|0|10
extra|conmeo|1|0|10|Coll|commeo|9|0|10
extra|conmercium|1|0|10|Coll|commercium|8|0|10
extra|conmercor|1|0|10|extra|commercor|6|0|10
extra|conmereor|1|0|10|extra|commereor|4|0|10
extra|conmetior|1|0|10|extra|commetior|6|0|10
extra|conmigro|1|0|10|extra|commigro|7|0|10
extra|conminiscor|1|0|10|Coll|comminiscor|8|0|10
extra|conmisceo|1|0|10|Coll|commisceo|9|0|10
extra|conmitto|2|0|10|Coll|committo|9|0|10
extra|conmoneo|2|0|10|Coll|commoneo|9|0|10
extra|conmoveo|2|0|10|Coll|commoveo|9|0|10
extra|conmunico|2|0|10|Coll|communico|9|0|10
extra|conmuto|1|0|10|Coll|commuto|9|0|10
extra|conpactum|1|0|10|extra|compactum|6|0|10
extra|conpar|2|0|10|Coll|compar|9|0|10
extra|conparatio|1|0|10|Coll|comparatio|8|0|10
extra|conparco|2|0|10|extra|comparco|6|0|10
extra|conparo|2|0|10|Coll|comparo|9|0|10
extra|conpedio|2|0|10|Coll|compedio|7|0|10
extra|conpensatio|1|0|10|extra|compensatio|6|0|10
extra|conpes|1|0|10|Coll|compes|8|0|10
extra|conpeto|2|0|10|Coll|competo|9|0|10
extra|conpingo|2|0|10|Coll|compingo|9|0|10
extra|conplector|1|0|10|Coll|complector|8|0|10
extra|conpleo|2|0|10|Coll|compleo|9|0|10
extra|conploro|2|0|10|Coll|comploro|9|0|10
extra|conplures|1|0|10|Coll|complures|8|0|10
extra|conpluriens|1|0|10|extra|compluriens|4|0|10
extra|conplusculi|1|0|10|extra|complusculi|5|0|10
extra|conporto|2|0|10|Coll|comporto|9|0|10
extra|conpos|2|0|10|Coll|compos|9|0|10
extra|conposite|1|0|10|extra|composite|6|0|10
extra|conpositio|1|0|10|extra|compositio|7|0|10
extra|conpositor|1|0|10|extra|compositor|7|0|10
extra|conpositum|1|0|10|extra|compositum|2|0|10
extra|conpotio|2|0|10|extra|compotio|5|0|10
extra|conpotrix|1|0|10|extra|compotrix|5|0|10
extra|conprehendo|2|0|10|Coll|comprehendo|9|0|10
extra|conprehensibilis|2|0|10|extra|comprehensibilis|7|0|10
extra|conprehensio|1|0|10|extra|comprehensio|7|0|10
extra|conpressio|1|0|10|Coll|compressio|7|0|10
extra|conprimo|2|0|10|Coll|comprimo|9|0|10
extra|conprobo|2|0|10|Coll|comprobo|9|0|10
extra|conpromitto|2|0|10|extra|compromitto|7|0|10
extra|conpungo|2|0|10|extra|compungo|8|0|10
extra|conputo|2|0|10|Coll|computo|9|0|10
extra|conputresco|2|0|10|extra|computresco|6|0|10
extra|conrector|1|0|10|extra|corrector|7|0|10
extra|conrectura|1|0|10|extra|correctura|4|0|10
extra|conrectus|1|0|10|extra|correctus|6|0|10
extra|conrecumbens|2|0|10|extra|correcumbens|4|0|10
extra|conregno|2|0|10|extra|corregno|5|0|10
extra|conrepo|2|0|10|extra|correpo|8|0|10
extra|conrepte|1|0|10|extra|correpte|5|0|10
extra|conreptio|1|0|10|extra|correptio|5|0|10
extra|conreptor|1|0|10|extra|correptor|5|0|10
extra|conreptus|1|0|10|extra|correptus|5|0|10
extra|conresupinatus|1|0|10|extra|corresupinatus|4|0|10
extra|conresuscito|2|0|10|extra|corresuscito|5|0|10
extra|conreus|1|0|10|extra|correus|4|0|10
extra|conrigia|1|0|10|extra|corrigia|5|0|10
extra|conrigo|2|0|10|Coll|corrigo|9|0|10
extra|conripio|2|0|10|Coll|corripio|9|0|10
extra|conrivalis|1|0|10|extra|corrivalis|4|0|10
extra|conrivatio|1|0|10|extra|corrivatio|4|0|10
extra|conrivium|1|0|10|extra|corrivium|4|0|10
extra|conrivo|2|0|10|Coll|corrivo|7|0|10
extra|conroboramentum|1|0|10|extra|corroboramentum|4|0|10
extra|conroboro|2|0|10|Coll|corroboro|9|0|10
extra|conrodo|2|0|10|extra|corrodo|7|0|10
extra|conrogatio|1|0|10|extra|corrogatio|4|0|10
extra|conrosus|1|0|10|extra|corrosus|4|0|10
extra|conrotundo|2|0|10|extra|corrotundo|6|0|10
extra|conruda|1|0|10|extra|corruda|4|0|10
extra|conrugis|2|0|10|extra|corrugis|5|0|10
extra|conrugo|2|0|10|Coll|corrugo|9|0|10
extra|conrugus|1|0|10|extra|corrugus|4|0|10
extra|conrumpo|2|0|10|Coll|corrumpo|9|0|10
extra|conruo|2|0|10|Coll|corruo|9|0|10
extra|conrupte|1|0|10|extra|corrupte|6|0|10
extra|conruptela|1|0|10|Coll|corruptela|8|0|10
extra|conruptibilis|2|0|10|extra|corruptibilis|5|0|10
extra|conruptibilitas|1|0|10|extra|corruptibilitas|4|0|10
extra|conruptio|1|0|10|Coll|corruptio|8|0|10
extra|conruptivus|1|0|10|extra|corruptivus|4|0|10
extra|conruptor|1|0|10|Coll|corruptor|8|0|10
extra|conruptorius|1|0|10|extra|corruptorius|4|0|10
extra|conruptrix|2|0|10|extra|corruptrix|7|0|10
extra|conruptus|1|0|10|extra|corruptus|6|0|10
extra|conruspor|1|0|10|extra|corruspor|4|0|10
extra|corregione|1|0|10|extra|conregione|1|0|10
extra|execratio|2|0|10|Coll|exsecratio|8|0|10
extra|execrator|1|0|10|extra|exsecrator|4|0|10
extra|exectio|1|0|10|extra|exsectio|6|0|10
extra|exector|1|0|10|extra|exsector|4|0|10
extra|exectus|1|0|10|extra|exsectus|5|0|10
extra|executio|1|0|10|extra|exsecutio|6|0|10
extra|executor|1|0|10|extra|exsecutor|5|0|10
extra|exiccatus|1|0|10|extra|exsiccatus|6|0|10
extra|exilica|1|0|10|extra|exsilica|2|0|10
extra|existentialiter|1|0|10|extra|exsistentialiter|2|0|10
extra|exono|1|0|10|extra|exsono|4|0|10
extra|expectabilis|1|0|10|extra|exspectabilis|4|0|10
extra|expectator|1|0|10|extra|exspectator|4|0|10
extra|expectatrix|1|0|10|extra|exspectatrix|4|0|10
extra|expes|2|0|10|extra|exspes|7|0|10
extra|expoliator|1|0|10|extra|exspoliator|4|0|10
extra|exscensio|1|0|10|extra|excensio|2|0|10
extra|exscio|1|0|10|Coll|excio|7|0|10
extra|exsolui|1|0|10|extra|exolui|1|0|10
extra|exsternatus|1|0|10|extra|externatus|3|0|10
extra|extimulator|1|0|10|extra|exstimulator|6|0|10
extra|extinctio|1|0|10|extra|exstinctio|6|0|10
extra|extinctor|1|0|10|extra|exstinctor|6|0|10
extra|extinguibilis|1|0|10|extra|exstinguibilis|4|0|10
extra|extirpatrix|1|0|10|extra|exstirpatrix|3|0|10
extra|extructio|1|0|10|extra|exstructio|6|0|10
extra|extructor|1|0|10|extra|exstructor|4|0|10
extra|extructorius|1|0|10|extra|exstructorius|4|0|10
extra|exucus|1|0|10|extra|exsucus|4|0|10
extra|exuper|1|0|10|extra|exsuper|3|0|10
extra|exuperantius|1|0|10|extra|exsuperantius|1|0|10
extra|exuperator|1|0|10|extra|exsuperator|2|0|10
extra|illustre|1|0|10|extra|inlustre|2|0|10
extra|inbecillis|2|0|10|Coll|imbecillis|5|0|10
extra|inbecillitas|2|0|10|Coll|imbecillitas|8|0|10
extra|inbecillus|2|0|10|Coll|imbecillus|8|0|10
extra|inbellia|1|0|10|Coll|imbellia|4|0|10
extra|inbellis|3|0|10|Coll|imbellis|9|0|10
extra|inbibo|3|0|10|extra|imbibo|8|0|10
extra|inbito|1|0|10|extra|imbito|4|0|10
extra|inbonitas|1|0|10|extra|imbonitas|4|0|10
extra|inbracteo|1|0|10|extra|imbracteo|4|0|10
extra|inbuo|1|0|10|Coll|imbuo|9|0|10
extra|inlacrimosus|1|0|10|extra|illacrimosus|3|0|10
extra|inlaedo|1|0|10|extra|illaedo|2|0|10
extra|inlaesibilis|1|0|10|extra|illaesibilis|4|0|10
extra|inlaqueatum|1|0|10|extra|illaqueatum|1|0|10
extra|inlator|1|0|10|extra|illator|3|0|10
extra|inlatrix|1|0|10|extra|illatrix|3|0|10
extra|inlegitime|1|0|10|extra|illegitime|3|0|10
extra|inlevi|1|0|10|extra|illevi|2|0|10
extra|inlevigatus|1|0|10|extra|illevigatus|3|0|10
extra|inlexe|1|0|10|extra|illexe|2|0|10
extra|inlexi|1|0|10|extra|illexi|3|0|10
extra|inlibate|1|0|10|extra|illibate|2|0|10
extra|inlibatio|1|0|10|extra|illibatio|1|0|10
extra|inlicenter|1|0|10|extra|illicenter|1|0|10
extra|inlicibilis|1|0|10|extra|illicibilis|4|0|10
extra|inlicite|1|0|10|extra|illicite|4|0|10
extra|inlico|1|0|10|Coll|illico|5|0|10
extra|inligatus|1|0|10|extra|illigatus|3|0|10
extra|inlimatus|1|0|10|extra|illimatus|2|0|10
extra|inlimo|1|0|10|extra|illimo|2|0|10
extra|inlisi|1|0|10|extra|illisi|3|0|10
extra|inlitio|1|0|10|extra|illitio|2|0|10
extra|inlocalis|1|0|10|extra|illocalis|3|0|10
extra|inlocalitas|1|0|10|extra|illocalitas|3|0|10
extra|inlocaliter|1|0|10|extra|illocaliter|3|0|10
extra|inlubricans|1|0|10|extra|illubricans|1|0|10
extra|inlucubratus|1|0|10|extra|illucubratus|4|0|10
extra|inluculasco|1|0|10|extra|illuculasco|4|0|10
extra|inludia|1|0|10|extra|illudia|3|0|10
extra|inludio|1|0|10|extra|illudio|4|0|10
extra|inluminabilis|1|0|10|extra|illuminabilis|2|0|10
extra|inluminatio|1|0|10|extra|illuminatio|4|0|10
extra|inluminator|1|0|10|extra|illuminator|4|0|10
extra|inluminatus|1|0|10|extra|illuminatus|4|0|10
extra|inlusorius|1|0|10|extra|illusorius|4|0|10
extra|inlustrius|1|0|10|extra|illustrius|4|0|10
extra|inlutibarbus|1|0|10|extra|illutibarbus|4|0|10
extra|inluvio|1|0|10|extra|illuvio|2|0|10
extra|inluviosus|1|0|10|extra|illuviosus|3|0|10
extra|inluxi|1|0|10|extra|illuxi|3|0|10
extra|inmaculabilis|1|0|10|extra|immaculabilis|5|0|10
extra|inmaculatus|1|0|10|extra|immaculatus|4|0|10
extra|inmaculo|1|0|10|extra|immaculo|4|0|10
extra|inmaneo|1|0|10|extra|immaneo|4|0|10
extra|inmanifestus|1|0|10|extra|immanifestus|4|0|10
extra|inmanis|2|0|10|Coll|immanis|9|0|10
extra|inmansuetus|1|0|10|extra|immansuetus|7|0|10
extra|inmarcescibilis|1|0|10|extra|immarcescibilis|5|0|10
extra|inmaturitas|1|0|10|Coll|immaturitas|7|0|10
extra|inmaturus|1|0|10|Coll|immaturus|8|0|10
extra|inmedicabilis|1|0|10|extra|immedicabilis|8|0|10
extra|inmedicatus|1|0|10|extra|immedicatus|3|0|10
extra|inmeditatus|1|0|10|extra|immeditatus|4|0|10
extra|inmeio|1|0|10|extra|immeio|4|0|10
extra|inmemor|2|0|10|Coll|immemor|9|0|10
extra|inmemorabilis|1|0|10|extra|immemorabilis|6|0|10
extra|inmemoratio|1|0|10|extra|immemoratio|4|0|10
extra|inmemoratus|1|0|10|extra|immemoratus|6|0|10
extra|inmemoria|1|0|10|extra|immemoria|1|0|10
extra|inmensitas|1|0|10|extra|immensitas|6|0|10
extra|inmensurabilis|2|0|10|extra|immensurabilis|5|0|10
extra|inmensuratus|1|0|10|extra|immensuratus|3|0|10
extra|inmensus|1|0|10|Coll|immensus|8|0|10
extra|inmeo|1|0|10|extra|immeo|4|0|10
extra|inmerens|1|0|10|extra|immerens|8|0|10
extra|inmerenter|1|0|10|extra|immerenter|3|0|10
extra|inmergo|1|0|10|extra|immergo|8|0|10
extra|inmeritum|1|0|10|extra|immeritum|2|0|10
extra|inmeritus|1|0|10|Coll|immeritus|8|0|10
extra|inmersabilis|1|0|10|extra|immersabilis|7|0|10
extra|inmersio|1|0|10|extra|immersio|4|0|10
extra|inmetatus|1|0|10|extra|immetatus|5|0|10
extra|inmigro|1|0|10|Coll|immigro|9|0|10
extra|inminentia|1|0|10|extra|imminentia|4|0|10
extra|inmineo|1|0|10|Coll|immineo|8|0|10
extra|inminuo|1|0|10|Coll|imminuo|9|0|10
extra|inminutio|1|0|10|extra|imminutio|6|0|10
extra|inmisceo|1|0|10|Coll|immisceo|9|0|10
extra|inmiserabilis|1|0|10|extra|immiserabilis|6|0|10
extra|inmisericordia|1|0|10|extra|immisericordia|4|0|10
extra|inmisericors|1|0|10|extra|immisericors|7|0|10
extra|inmiseror|1|0|10|extra|immiseror|1|0|10
extra|inmissarium|1|0|10|extra|immissarium|4|0|10
extra|inmissio|1|0|10|extra|immissio|6|0|10
extra|inmitigabilis|1|0|10|extra|immitigabilis|4|0|10
extra|inmitis|1|0|10|Coll|immitis|9|0|10
extra|inmitto|2|0|10|Coll|immitto|9|0|10
extra|inmixtus|1|0|10|extra|immixtus|6|0|10
extra|inmobilis|2|0|10|Coll|immobilis|8|0|10
extra|inmobilitas|1|0|10|extra|immobilitas|5|0|10
extra|inmoderantia|1|0|10|extra|immoderantia|4|0|10
extra|inmoderatio|1|0|10|extra|immoderatio|6|0|10
extra|inmoderatus|1|0|10|Coll|immoderatus|8|0|10
extra|inmodestia|1|0|10|Coll|immodestia|7|0|10
extra|inmodestus|1|0|10|extra|immodestus|6|0|10
extra|inmodicus|1|0|10|Coll|immodicus|8|0|10
extra|inmodulatus|1|0|10|extra|immodulatus|5|0|10
extra|inmolaticius|1|0|10|extra|immolaticius|4|0|10
extra|inmolatio|1|0|10|extra|immolatio|6|0|10
extra|inmolator|1|0|10|extra|immolator|6|0|10
extra|inmolitus|1|0|10|extra|immolitus|6|0|10
extra|inmolo|1|0|10|Coll|immolo|9|0|10
extra|inmordeo|1|0|10|extra|immordeo|3|0|10
extra|inmorior|1|0|10|extra|immorior|7|0|10
extra|inmoror|1|0|10|Coll|immoror|6|0|10
extra|inmortalis|2|0|10|Coll|immortalis|9|0|10
extra|inmortalitas|1|0|10|extra|immortalitas|7|0|10
extra|inmortaliter|1|0|10|extra|immortaliter|6|0|10
extra|inmortalitus|1|0|10|extra|immortalitus|3|0|10
extra|inmortuus|1|0|10|extra|immortuus|4|0|10
extra|inmotus|1|0|10|Coll|immotus|8|0|10
extra|inmugio|1|0|10|extra|immugio|8|0|10
extra|inmulgeo|1|0|10|extra|immulgeo|6|0|10
extra|inmundabilis|1|0|10|extra|immundabilis|4|0|10
extra|inmunditia|1|0|10|extra|immunditia|4|0|10
extra|inmundus|1|0|10|Coll|immundus|8|0|10
extra|inmunificus|1|0|10|extra|immunificus|3|0|10
extra|inmunio|1|0|10|extra|immunio|7|0|10
extra|inmunis|2|0|10|Coll|immunis|9|0|10
extra|inmunitas|1|0|10|extra|immunitas|7|0|10
extra|inmunitus|1|0|10|extra|immunitus|7|0|10
extra|inmurmuro|1|0|10|extra|immurmuro|8|0|10
extra|inmusicus|1|0|10|extra|immusicus|4|0|10
extra|inmutabilis|2|0|10|Coll|immutabilis|9|0|10
extra|inmutabilitas|1|0|10|extra|immutabilitas|6|0|10
extra|inmutatio|1|0|10|extra|immutatio|6|0|10
extra|inmutator|1|0|10|extra|immutator|3|0|10
extra|inmutatus|1|0|10|Coll|immutatus|7|0|10
extra|inmutesco|1|0|10|extra|immutesco|5|0|10
extra|inmutilatus|1|0|10|extra|immutilatus|4|0|10
extra|inmuto|1|0|10|Coll|immuto|9|0|10
extra|inpacatus|1|0|10|extra|impacatus|7|0|10
extra|inpactio|1|0|10|extra|impactio|3|0|10
extra|inpaenitendus|1|0|10|extra|impaenitendus|4|0|10
extra|inpaenitens|1|0|10|extra|impaenitens|3|0|10
extra|inpaenitentia|1|0|10|extra|impaenitentia|3|0|10
extra|inpaenitus|1|0|10|extra|impaenitus|1|0|10
extra|inpages|1|0|10|extra|impages|4|0|10
extra|inpallesco|1|0|10|extra|impallesco|4|0|10
extra|inpalpebratio|1|0|10|extra|impalpebratio|4|0|10
extra|inpar|3|0|10|Coll|impar|8|0|10
extra|inparatio|1|0|10|extra|imparatio|3|0|10
extra|inparatus|2|0|10|extra|imparatus|7|0|10
extra|inparilis|1|0|10|extra|imparilis|4|0|10
extra|inparilitas|1|0|10|extra|imparilitas|4|0|10
extra|inpartibilis|1|0|10|extra|impartibilis|2|0|10
extra|inpartio|1|0|10|extra|impartio|4|0|10
extra|inpascor|1|0|10|extra|impascor|2|0|10
extra|inpassibilis|2|0|10|extra|impassibilis|5|0|10
extra|inpassibilitas|1|0|10|extra|impassibilitas|3|0|10
extra|inpassibiliter|1|0|10|extra|impassibiliter|4|0|10
extra|inpastus|1|0|10|extra|impastus|6|0|10
extra|inpatiens|2|0|10|Coll|impatiens|9|0|10
extra|inpatienter|1|0|10|extra|impatienter|6|0|10
extra|inpatientia|2|0|10|extra|impatientia|7|0|10
extra|inpausabilis|1|0|10|extra|impausabilis|3|0|10
extra|inpavide|1|0|10|extra|impavide|6|0|10
extra|inpavidus|2|0|10|Coll|impavidus|8|0|10
extra|inpeccabilis|1|0|10|extra|impeccabilis|3|0|10
extra|inpeccantia|1|0|10|extra|impeccantia|4|0|10
extra|inpedatio|1|0|10|extra|impedatio|4|0|10
extra|inpedico|1|0|10|extra|impedico|4|0|10
extra|inpedimentum|2|0|10|Coll|impedimentum|8|0|10
extra|inpedio|3|0|10|Coll|impedio|9|0|10
extra|inpeditio|1|0|10|extra|impeditio|6|0|10
extra|inpedito|1|0|10|extra|impedito|4|0|10
extra|inpeditor|1|0|10|extra|impeditor|4|0|10
extra|inpedo|1|0|10|extra|impedo|4|0|10
extra|inpendeo|2|0|10|Coll|impendeo|8|0|10
extra|inpendio|1|0|10|extra|impendio|6|0|10
extra|inpendiosus|1|0|10|extra|impendiosus|4|0|10
extra|inpendium|2|0|10|extra|impendium|7|0|10
extra|inpendo|2|0|10|Coll|impendo|9|0|10
extra|inpenetrabilis|1|0|10|extra|impenetrabilis|7|0|10
extra|inpensa|2|0|10|Coll|impensa|8|0|10
extra|inpense|2|0|10|Coll|impense|8|0|10
extra|inpensus|1|0|10|Coll|impensus|8|0|10
extra|inperative|1|0|10|extra|imperative|4|0|10
extra|inperativus|1|0|10|extra|imperativus|4|0|10
extra|inperator|2|0|10|Coll|imperator|8|0|10
extra|inperatorie|1|0|10|extra|imperatorie|4|0|10
extra|inperatorius|2|0|10|Coll|imperatorius|8|0|10
extra|inperatrix|1|0|10|extra|imperatrix|6|0|10
extra|inperatum|2|0|10|Coll|imperatum|7|0|10
extra|inperceptus|1|0|10|extra|imperceptus|5|0|10
extra|inperco|1|0|10|extra|imperco|5|0|10
extra|inpercussus|1|0|10|extra|impercussus|5|0|10
extra|inperditus|1|0|10|extra|imperditus|6|0|10
extra|inperfectio|1|0|10|extra|imperfectio|4|0|10
extra|inperfectus|2|0|10|extra|imperfectus|7|0|10
extra|inperfossus|1|0|10|extra|imperfossus|5|0|10
extra|inperfundies|1|0|10|extra|imperfundies|4|0|10
extra|inperiabiliter|1|0|10|extra|imperiabiliter|3|0|10
extra|inperialis|2|0|10|extra|imperialis|5|0|10
extra|inperiose|1|0|10|extra|imperiose|4|0|10
extra|inperite|1|0|10|extra|imperite|6|0|10
extra|inperitia|2|0|10|extra|imperitia|7|0|10
extra|inperito|2|0|10|Coll|imperito|9|0|10
extra|inperitus|2|0|10|Coll|imperitus|8|0|10
extra|inperium|2|0|10|Coll|imperium|8|0|10
extra|inperjuratus|1|0|10|extra|imperjuratus|5|0|10
extra|inpermissus|1|0|10|extra|impermissus|6|0|10
extra|inpermixtus|1|0|10|extra|impermixtus|4|0|10
extra|inpero|2|0|10|Coll|impero|9|0|10
extra|inperpetuus|1|0|10|extra|imperpetuus|4|0|10
extra|inperscrutabilis|1|0|10|extra|imperscrutabilis|4|0|10
extra|inpersonalis|1|0|10|extra|impersonalis|4|0|10
extra|inpersonativus|1|0|10|extra|impersonativus|3|0|10
extra|inperspicabilis|1|0|10|extra|imperspicabilis|4|0|10
extra|inperspicuus|1|0|10|extra|imperspicuus|4|0|10
extra|inperterritus|2|0|10|Coll|imperterritus|7|0|10
extra|inpertilis|1|0|10|extra|impertilis|3|0|10
extra|inpertinens|1|0|10|extra|impertinens|3|0|10
extra|inpertitio|1|0|10|extra|impertitio|4|0|10
extra|inperturbabilis|1|0|10|extra|imperturbabilis|5|0|10
extra|inperturbatio|1|0|10|extra|imperturbatio|4|0|10
extra|inperturbatus|1|0|10|extra|imperturbatus|5|0|10
extra|inpervius|2|0|10|extra|impervius|7|0|10
extra|inpes|1|0|10|Coll|impes|7|0|10
extra|inpetibilis|1|0|10|extra|impetibilis|7|0|10
extra|inpetiginosus|1|0|10|extra|impetiginosus|4|0|10
extra|inpetigo|1|0|10|Coll|impetigo|6|0|10
extra|inpeto|2|0|10|extra|impeto|6|0|10
extra|inpetrabilis|2|0|10|Coll|impetrabilis|9|0|10
extra|inpetratio|1|0|10|extra|impetratio|6|0|10
extra|inpetrativus|1|0|10|extra|impetrativus|3|0|10
extra|inpetrator|1|0|10|extra|impetrator|4|0|10
extra|inpetro|3|0|10|Coll|impetro|9|0|10
extra|inpetulans|1|0|10|extra|impetulans|1|0|10
extra|inpetuose|1|0|10|extra|impetuose|3|0|10
extra|inpetus|2|0|10|Coll|impetus|8|0|10
extra|inpexus|2|0|10|extra|impexus|7|0|10
extra|inpiamentum|1|0|10|extra|impiamentum|4|0|10
extra|inpico|1|0|10|extra|impico|3|0|10
extra|inpie|1|0|10|extra|impie|6|0|10
extra|inpietas|2|0|10|extra|impietas|7|0|10
extra|inpiger|2|0|10|Coll|impiger|8|0|10
extra|inpigre|1|0|10|Coll|impigre|7|0|10
extra|inpigritas|1|0|10|extra|impigritas|6|0|10
extra|inpigritia|1|0|10|extra|impigritia|4|0|10
extra|inpingo|2|0|10|Coll|impingo|9|0|10
extra|inpinguo|2|0|10|extra|impinguo|5|0|10
extra|inpio|1|0|10|extra|impio|5|0|10
extra|inpius|2|0|10|Coll|impius|8|0|10
extra|inplacabilitas|1|0|10|extra|implacabilitas|5|0|10
extra|inplacatus|2|0|10|extra|implacatus|7|0|10
extra|inplago|1|0|10|extra|implago|4|0|10
extra|inplano|2|0|10|extra|implano|5|0|10
extra|inplanus|1|0|10|extra|implanus|4|0|10
extra|inplebilis|1|0|10|extra|implebilis|4|0|10
extra|inplecticus|1|0|10|extra|implecticus|4|0|10
extra|inplecto|1|0|10|extra|implecto|5|0|10
extra|inplementum|1|0|10|extra|implementum|4|0|10
extra|inpleo|2|0|10|Coll|impleo|9|0|10
extra|inpletio|1|0|10|extra|impletio|4|0|10
extra|inpletus|1|0|10|extra|impletus|5|0|10
extra|inplexio|1|0|10|extra|implexio|4|0|10
extra|inplicamentum|1|0|10|extra|implicamentum|4|0|10
extra|inplicatio|1|0|10|extra|implicatio|6|0|10
extra|inplicatura|1|0|10|extra|implicatura|4|0|10
extra|inplicatus|1|0|10|extra|implicatus|6|0|10
extra|inpliciscor|1|0|10|extra|impliciscor|2|0|10
extra|inplicite|1|0|10|extra|implicite|6|0|10
extra|inplicito|1|0|10|extra|implicito|4|0|10
extra|inplicitus|1|0|10|extra|implicitus|6|0|10
extra|inplico|3|0|10|Coll|implico|9|0|10
extra|inplorabilis|1|0|10|extra|implorabilis|4|0|10
extra|inploratio|1|0|10|extra|imploratio|6|0|10
extra|inploro|2|0|10|Coll|imploro|9|0|10
extra|inplumbo|1|0|10|extra|implumbo|4|0|10
extra|inplutus|1|0|10|extra|implutus|3|0|10
extra|inpluviatus|1|0|10|extra|impluviatus|3|0|10
extra|inpluvium|2|0|10|Coll|impluvium|8|0|10
extra|inpolite|1|0|10|extra|impolite|6|0|10
extra|inpolitia|1|0|10|extra|impolitia|4|0|10
extra|inpolitus|1|0|10|extra|impolitus|6|0|10
extra|inpollutus|1|0|10|extra|impollutus|5|0|10
extra|inpono|3|0|10|Coll|impono|9|0|10
extra|inporcitor|1|0|10|extra|imporcitor|4|0|10
extra|inporco|1|0|10|extra|imporco|4|0|10
extra|inportabilis|1|0|10|extra|importabilis|4|0|10
extra|inportaticius|1|0|10|extra|importaticius|3|0|10
extra|inporto|2|0|10|Coll|importo|9|0|10
extra|inportune|1|0|10|extra|importune|6|0|10
extra|inportunitas|2|0|10|Coll|importunitas|8|0|10
extra|inportunus|2|0|10|extra|importunus|7|0|10
extra|inportuosus|2|0|10|extra|importuosus|7|0|10
extra|inpos|2|0|10|extra|impos|6|0|10
extra|inpositicius|1|0|10|extra|impositicius|4|0|10
extra|inpositio|1|0|10|extra|impositio|4|0|10
extra|inpositivus|1|0|10|extra|impositivus|2|0|10
extra|inpositor|1|0|10|extra|impositor|4|0|10
extra|inpossibilis|1|0|10|extra|impossibilis|5|0|10
extra|inpossibilitas|1|0|10|extra|impossibilitas|4|0|10
extra|inpostor|1|0|10|extra|impostor|4|0|10
extra|inpostura|1|0|10|extra|impostura|4|0|10
extra|inpostus|1|0|10|extra|impostus|3|0|10
extra|inpotabilis|1|0|10|extra|impotabilis|3|0|10
extra|inpotens|3|0|10|Coll|impotens|9|0|10
extra|inpotenter|1|0|10|extra|impotenter|5|0|10
extra|inpotentia|2|0|10|Coll|impotentia|8|0|10
extra|inpraegno|1|0|10|extra|impraegno|5|0|10
extra|inpraepedite|1|0|10|extra|impraepedite|4|0|10
extra|inpraepeditus|1|0|10|extra|impraepeditus|4|0|10
extra|inpraeputiatus|1|0|10|extra|impraeputiatus|4|0|10
extra|inpraescientia|1|0|10|extra|impraescientia|4|0|10
extra|inpraestabilis|1|0|10|extra|impraestabilis|4|0|10
extra|inpransus|1|0|10|extra|impransus|6|0|10
extra|inprecatio|1|0|10|extra|imprecatio|5|0|10
extra|inprecor|2|0|10|Coll|imprecor|8|0|10
extra|inprensibilis|1|0|10|extra|imprensibilis|5|0|10
extra|inpresse|1|0|10|extra|impresse|4|0|10
extra|inpressio|2|0|10|extra|impressio|7|0|10
extra|inpretiabilis|1|0|10|extra|impretiabilis|4|0|10
extra|inprimo|3|0|10|Coll|imprimo|9|0|10
extra|inprincipaliter|1|0|10|extra|imprincipaliter|4|0|10
extra|inprobabilis|1|0|10|extra|improbabilis|5|0|10
extra|inprobatio|1|0|10|extra|improbatio|6|0|10
extra|inprobator|1|0|10|extra|improbator|4|0|10
extra|inprobe|1|0|10|extra|improbe|6|0|10
extra|inprobitas|2|0|10|Coll|improbitas|8|0|10
extra|inprobiter|1|0|10|extra|improbiter|4|0|10
extra|inprobito|1|0|10|extra|improbito|4|0|10
extra|inprobo|3|0|10|Coll|improbo|9|0|10
extra|inprobulus|1|0|10|extra|improbulus|5|0|10
extra|inprobus|2|0|10|Coll|improbus|8|0|10
extra|inprocerus|1|0|10|extra|improcerus|5|0|10
extra|inprocreabilis|1|0|10|extra|improcreabilis|4|0|10
extra|inprofessus|1|0|10|extra|improfessus|4|0|10
extra|inpromiscus|1|0|10|extra|impromiscus|4|0|10
extra|inprope|1|0|10|extra|imprope|4|0|10
extra|inproperanter|1|0|10|extra|improperanter|4|0|10
extra|inproperatus|1|0|10|extra|improperatus|6|0|10
extra|inproperium|1|0|10|extra|improperium|4|0|10
extra|inproperus|1|0|10|extra|improperus|4|0|10
extra|inproprie|1|0|10|extra|improprie|4|0|10
extra|inproprietas|1|0|10|extra|improprietas|4|0|10
extra|inproprius|1|0|10|extra|improprius|4|0|10
extra|inpropugnatus|1|0|10|extra|impropugnatus|4|0|10
extra|inprospectus|1|0|10|extra|improspectus|4|0|10
extra|inprotectus|1|0|10|extra|improtectus|4|0|10
extra|inprovide|1|0|10|extra|improvide|6|0|10
extra|inprovidentia|1|0|10|extra|improvidentia|4|0|10
extra|inprovidus|2|0|10|Coll|improvidus|8|0|10
extra|inprovise|1|0|10|extra|improvise|4|0|10
extra|inprovisus|2|0|10|Coll|improvisus|8|0|10
extra|inprudens|3|0|10|Coll|imprudens|9|0|10
extra|inprudenter|1|0|10|extra|imprudenter|6|0|10
extra|inprudentia|2|0|10|Coll|imprudentia|8|0|10
extra|inpubes|3|0|10|Coll|impubes|8|0|10
extra|inpubescens|1|0|10|extra|impubescens|3|0|10
extra|inpudens|3|0|10|Coll|impudens|9|0|10
extra|inpudenter|1|0|10|Coll|impudenter|7|0|10
extra|inpudentia|2|0|10|Coll|impudentia|8|0|10
extra|inpudice|1|0|10|extra|impudice|4|0|10
extra|inpudicitia|2|0|10|Coll|impudicitia|8|0|10
extra|inpudicus|2|0|10|Coll|impudicus|8|0|10
extra|inpugnatio|1|0|10|extra|impugnatio|6|0|10
extra|inpugnator|1|0|10|extra|impugnator|4|0|10
extra|inpugnatus|1|0|10|extra|impugnatus|4|0|10
extra|inpulsio|1|0|10|extra|impulsio|6|0|10
extra|inpulsor|2|0|10|extra|impulsor|7|0|10
extra|inpulstrix|1|0|10|extra|impulstrix|3|0|10
extra|inpulsus|1|0|10|Coll|impulsus|8|0|10
extra|inpulvereus|1|0|10|extra|impulvereus|4|0|10
extra|inpunctus|1|0|10|extra|impunctus|4|0|10
extra|inpune|2|0|10|Coll|impune|8|0|10
extra|inpunis|2|0|10|extra|impunis|6|0|10
extra|inpunitas|2|0|10|extra|impunitas|6|0|10
extra|inpunite|1|0|10|extra|impunite|5|0|10
extra|inpuratus|1|0|10|extra|impuratus|5|0|10
extra|inpure|1|0|10|extra|impure|6|0|10
extra|inpurgabilis|1|0|10|extra|impurgabilis|4|0|10
extra|inpuritas|1|0|10|extra|impuritas|5|0|10
extra|inpuritia|1|0|10|extra|impuritia|4|0|10
extra|inputatio|1|0|10|extra|imputatio|3|0|10
extra|inputativus|1|0|10|extra|imputativus|4|0|10
extra|inputator|1|0|10|extra|imputator|4|0|10
extra|inputatus|1|0|10|extra|imputatus|6|0|10
extra|inputo|2|0|10|Coll|imputo|9|0|10
extra|inputresco|1|0|10|extra|imputresco|3|0|10
extra|inputribilis|2|0|10|extra|imputribilis|5|0|10
extra|inradio|1|0|10|extra|irradio|5|0|10
extra|inrado|1|0|10|extra|irrado|4|0|10
extra|inrasus|1|0|10|extra|irrasus|4|0|10
extra|inrationabilis|2|0|10|extra|irrationabilis|5|0|10
extra|inrationabilitas|1|0|10|extra|irrationabilitas|4|0|10
extra|inrationalis|2|0|10|extra|irrationalis|6|0|10
extra|inrecogitatio|1|0|10|extra|irrecogitatio|4|0|10
extra|inrecordabilis|2|0|10|extra|irrecordabilis|5|0|10
extra|inrecuperabilis|2|0|10|extra|irrecuperabilis|5|0|10
extra|inrecusabilis|2|0|10|extra|irrecusabilis|5|0|10
extra|inredux|1|0|10|extra|irredux|4|0|10
extra|inreformabilis|2|0|10|extra|irreformabilis|5|0|10
extra|inrefragabilis|2|0|10|extra|irrefragabilis|3|0|10
extra|inrefutabilis|1|0|10|extra|irrefutabilis|4|0|10
extra|inrefutatus|1|0|10|extra|irrefutatus|4|0|10
extra|inregibilis|1|0|10|extra|irregibilis|3|0|10
extra|inregressibilis|2|0|10|extra|irregressibilis|5|0|10
extra|inreligio|1|0|10|extra|irreligio|4|0|10
extra|inreligiositas|1|0|10|Coll|irreligiositas|5|0|10
extra|inremediabilis|2|0|10|extra|irremediabilis|5|0|10
extra|inremisse|1|0|10|extra|irremisse|4|0|10
extra|inremissibilis|2|0|10|extra|irremissibilis|5|0|10
extra|inremotus|1|0|10|extra|irremotus|4|0|10
extra|inremunerabilis|2|0|10|extra|irremunerabilis|5|0|10
extra|inremuneratus|1|0|10|extra|irremuneratus|4|0|10
extra|inrepercussus|1|0|10|extra|irrepercussus|4|0|10
extra|inrepletus|1|0|10|extra|irrepletus|4|0|10
extra|inreposcibilis|1|0|10|extra|irreposcibilis|4|0|10
extra|inreprehensibilis|2|0|10|extra|irreprehensibilis|5|0|10
extra|inreptio|1|0|10|extra|irreptio|4|0|10
extra|inrepto|1|0|10|extra|irrepto|4|0|10
extra|inreptor|1|0|10|extra|irreptor|4|0|10
extra|inrequiebilis|1|0|10|extra|irrequiebilis|4|0|10
extra|inrequies|1|0|10|extra|irrequies|4|0|10
extra|inrequisitus|1|0|10|extra|irrequisitus|4|0|10
extra|inresolubilis|1|0|10|extra|irresolubilis|4|0|10
extra|inrespirabilis|1|0|10|extra|irrespirabilis|4|0|10
extra|inrestinctus|1|0|10|extra|irrestinctus|4|0|10
extra|inretractabilis|1|0|10|extra|irretractabilis|4|0|10
extra|inreverens|2|0|10|extra|irreverens|6|0|10
extra|inrevocandus|1|0|10|extra|irrevocandus|4|0|10
extra|inridenter|1|0|10|extra|irridenter|4|0|10
extra|inrigator|1|0|10|extra|irrigator|4|0|10
extra|inrisi|1|0|10|extra|irrisi|3|0|10
extra|inrisibilis|1|0|10|extra|irrisibilis|4|0|10
extra|inrisorius|1|0|10|extra|irrisorius|4|0|10
extra|inritatrix|1|0|10|extra|irritatrix|4|0|10
extra|inrite|1|0|10|extra|irrite|4|0|10
extra|inroborasco|1|0|10|extra|irroborasco|4|0|10
extra|inrogatus|1|0|10|extra|irrogatus|3|0|10
extra|inroto|1|0|10|extra|irroto|4|0|10
extra|inrubesco|1|0|10|extra|irrubesco|4|0|10
extra|inrufo|1|0|10|extra|irrufo|4|0|10
extra|inrugatio|1|0|10|extra|irrugatio|4|0|10
extra|inrugio|1|0|10|extra|irrugio|5|0|10
extra|inrugo|1|0|10|extra|irrugo|4|0|10
extra|irr|1|0|10|extra|inr|1|0|10
extra|irredivivus|1|0|10|extra|inredivivus|1|0|10
extra|obcaecatio|1|0|10|extra|occaecatio|3|0|10
extra|obcano|1|0|10|Coll|occano|8|0|10
extra|obcanto|1|0|10|extra|occanto|4|0|10
extra|obcedo|1|0|10|extra|occedo|5|0|10
extra|obcensus|1|0|10|extra|occensus|4|0|10
extra|obcento|1|0|10|Coll|occento|7|0|10
extra|obcido|1|0|10|Coll|occido2|9|0|10
extra|obclamito|1|0|10|extra|occlamito|4|0|10
extra|obclaudo|1|0|10|extra|occlaudo|4|0|10
extra|obclusus|1|0|10|extra|occlusus|5|0|10
extra|obculo|1|0|10|Coll|occulo|9|0|10
extra|obculto|1|0|10|Coll|occulto|9|0|10
extra|obcumbo|2|0|10|Coll|occumbo|9|0|10
extra|obcurro|2|0|10|Coll|occurro|9|0|10
extra|obcurso|1|0|10|Coll|occurso|9|0|10
extra|obfarcinatus|1|0|10|extra|offarcinatus|3|0|10
extra|obfero|2|0|10|Coll|offero|9|0|10
extra|obfertor|1|0|10|extra|offertor|4|0|10
extra|obfertorium|1|0|10|extra|offertorium|4|0|10
extra|obficio|1|0|10|Coll|officio|9|0|10
extra|obfoco|1|0|10|Coll|offoco|6|0|10
extra|obfulcio|1|0|10|Coll|offulcio|5|0|10
extra|obfulgeo|1|0|10|extra|offulgeo|8|0|10
extra|obfuscatio|1|0|10|extra|offuscatio|3|0|10
extra|obfusco|2|0|10|extra|offusco|4|0|10
extra|obpallesco|1|0|10|extra|oppallesco|3|0|10
extra|obpango|1|0|10|extra|oppango|4|0|10
extra|obpecto|1|0|10|extra|oppecto|4|0|10
extra|obpedo|1|0|10|extra|oppedo|5|0|10
extra|obperior|1|0|10|Coll|opperior|8|0|10
extra|obpessulatus|1|0|10|extra|oppessulatus|4|0|10
extra|obpetitus|1|0|10|extra|oppetitus|2|0|10
extra|obpeto|2|0|10|Coll|oppeto|9|0|10
extra|obpexus|1|0|10|extra|oppexus|4|0|10
extra|obpico|1|0|10|extra|oppico|4|0|10
extra|obpignerator|1|0|10|extra|oppignerator|4|0|10
extra|obpignero|1|0|10|extra|oppignero|6|0|10
extra|obpilatio|1|0|10|extra|oppilatio|4|0|10
extra|obpilo|1|0|10|Coll|oppilo|9|0|10
extra|obpleo|1|0|10|Coll|oppleo|9|0|10
extra|obploro|1|0|10|extra|opploro|4|0|10
extra|obpono|2|0|10|Coll|oppono|9|0|10
extra|obportunitas|1|0|10|Coll|opportunitas|7|0|10
extra|obportunus|1|0|10|Coll|opportunus|8|0|10
extra|obpositio|1|0|10|extra|oppositio|4|0|10
extra|obpressio|1|0|10|extra|oppressio|6|0|10
extra|obpressiuncula|1|0|10|extra|oppressiuncula|4|0|10
extra|obprimo|2|0|10|Coll|opprimo|9|0|10
extra|obprobramentum|1|0|10|extra|opprobramentum|4|0|10
extra|obprobratio|1|0|10|Coll|opprobratio|6|0|10
extra|obprobriosus|1|0|10|extra|opprobriosus|4|0|10
extra|obprobrium|2|0|10|extra|opprobrium|7|0|10
extra|obpugnatorius|1|0|10|extra|oppugnatorius|4|0|10
extra|obpugno|2|0|10|Coll|oppugno|9|0|10
extra|obputo|1|0|10|extra|opputo|3|0|10
extra|obpuvio|1|0|10|extra|oppuvio|2|0|10
extra|occelo|1|0|10|extra|obcelo|1|0|10
extra|offixus|1|0|10|extra|obfixus|1|0|10
extra|oppallio|1|0|10|extra|obpallio|1|0|10
extra|opscaevo|1|0|10|extra|obscaevo|4|0|10
extra|opscenus|1|0|10|Coll|obscenus|8|0|10
extra|opsci|1|0|10|extra|obsci|1|0|10
extra|opsero|1|0|10|Coll|obsero|9|0|10
extra|opses|1|0|10|Coll|obses|8|0|10
extra|opsessus|1|0|10|extra|obsessus|5|0|10
extra|opsius|1|0|10|extra|obsius|3|0|10
extra|opsonor|1|0|10|extra|obsonor|1|0|10
extra|opstetricius|1|0|10|extra|obstetricius|4|0|10
extra|opstetrico|2|0|10|extra|obstetrico|5|0|10
extra|opstipesco|1|0|10|Coll|obstipesco|8|0|10
extra|opstruo|1|0|10|Coll|obstruo|9|0|10
extra|subcinerarius|1|0|10|extra|succinerarius|2|0|10
extra|subcingulum|1|0|10|extra|succingulum|4|0|10
extra|subcino|1|0|10|extra|succino|6|0|10
extra|subcollo|1|0|10|Coll|succollo|7|0|10
extra|subconditor|1|0|10|extra|succonditor|3|0|10
extra|subcuba|1|0|10|extra|succuba|4|0|10
extra|subcussatura|1|0|10|extra|succussatura|4|0|10
extra|subcussio|1|0|10|extra|succussio|5|0|10
extra|subcusso|1|0|10|extra|succusso|3|0|10
extra|subcussor|1|0|10|extra|succussor|3|0|10
extra|subcussus|1|0|10|Coll|succussus|6|0|10
extra|subfarcinatus|1|0|10|extra|suffarcinatus|2|0|10
extra|subfectio|1|0|10|extra|suffectio|4|0|10
extra|subfectura|1|0|10|extra|suffectura|4|0|10
extra|subferentia|1|0|10|extra|sufferentia|4|0|10
extra|subfervefio|1|0|10|extra|suffervefio|2|0|10
extra|subficio|1|0|10|Coll|sufficio|9|0|10
extra|subflammo|1|0|10|extra|sufflammo|4|0|10
extra|subflatio|1|0|10|extra|sufflatio|4|0|10
extra|subfocabilis|1|0|10|extra|suffocabilis|4|0|10
extra|subfocatio|1|0|10|extra|suffocatio|5|0|10
extra|subfoco|1|0|10|Coll|suffoco|8|0|10
extra|subfossus|1|0|10|extra|suffossus|4|0|10
extra|subfragator|1|0|10|extra|suffragator|6|0|10
extra|subfragium|1|0|10|Coll|suffragium|8|0|10
extra|subfrenatio|1|0|10|extra|suffrenatio|4|0|10
extra|subfrendens|1|0|10|extra|suffrendens|4|0|10
extra|subfugium|1|0|10|extra|suffugium|7|0|10
extra|subfumigatio|1|0|10|extra|suffumigatio|4|0|10
extra|subfumo|1|0|10|extra|suffumo|4|0|10
extra|subfusus|1|0|10|extra|suffusus|6|0|10
extra|subgestus|1|0|10|Coll|suggestus|8|0|10
extra|submoenianus|1|0|10|extra|summoenianus|2|0|10
extra|succaelestis|1|0|10|extra|subcaelestis|4|0|10
extra|succaeruleus|1|0|10|extra|subcaeruleus|4|0|10
extra|succandidus|1|0|10|extra|subcandidus|4|0|10
extra|succavus|1|0|10|extra|subcavus|4|0|10
extra|succinericius|1|0|10|extra|subcinericius|4|0|10
extra|succoeruleus|1|0|10|extra|subcoeruleus|2|0|10
extra|succoquo|1|0|10|extra|subcoquo|4|0|10
extra|succornicularius|1|0|10|extra|subcornicularius|4|0|10
extra|succortex|1|0|10|extra|subcortex|4|0|10
extra|succrassulus|1|0|10|extra|subcrassulus|4|0|10
extra|succrudus|1|0|10|extra|subcrudus|4|0|10
extra|succruentus|1|0|10|extra|subcruentus|4|0|10
extra|succudo|1|0|10|extra|subcudo|1|0|10
extra|succultro|1|0|10|extra|subcultro|4|0|10
extra|succuneatus|1|0|10|extra|subcuneatus|3|0|10
extra|succurvus|1|0|10|extra|subcurvus|4|0|10
extra|succussura|1|0|10|extra|subcussura|1|0|10
extra|succustos|1|0|10|extra|subcustos|4|0|10
extra|succutaneus|1|0|10|extra|subcutaneus|2|0|10
extra|suffervefactus|1|0|10|extra|subfervefactus|1|0|10
extra|suffrondeo|1|0|10|extra|subfrondeo|1|0|10
extra|summ|1|0|10|extra|subm|1|0|10
extra|summaestus|1|0|10|extra|submaestus|4|0|10
extra|summagister|1|0|10|extra|submagister|2|0|10
extra|summanans|1|0|10|extra|submanans|1|0|10
extra|summemmianus|1|0|10|extra|submemmianus|2|0|10
extra|summoestus|1|0|10|extra|submoestus|2|0|10
extra|summontorium|1|0|10|extra|submontorium|1|0|10
extra|summultiplex|1|0|10|extra|submultiplex|5|0|10
extra|adflictus|5|0|10|Coll|afflictus|3|0|10
extra|adflictus2|3|0|10|Coll|afflictus|3|0|10*
extra|adpello|3|0|10|Coll|appello2|9|0|10
extra|adpello2|3|0|10|Coll|appello2|9|0|10*
extra|adpostulo|4|0|10|extra|appostulo|5|0|10
extra|adscensus|2|0|10|Coll|ascensus|8|0|10
extra|adscensus2|2|0|10|Coll|ascensus|8|0|10*
extra|adsero|6|0|10|Coll|assero|8|0|10
extra|adsero2|6|0|10|Coll|assero|8|0|10*
extra|adspectus|3|0|10|Coll|aspectus|7|0|10
extra|adspectus2|3|0|10|Coll|aspectus|7|0|10*
extra|adspergo|2|0|10|Coll|aspergo|9|0|10
extra|adspergo2|4|0|10|Coll|aspergo|9|0|10*
extra|adtentus|3|0|10|Coll|attentus|7|0|10
extra|adtentus2|1|0|10|Coll|attentus|7|0|10*
extra|adtonitus|3|0|10|Coll|attonitus|7|0|10
extra|adtonitus2|1|0|10|Coll|attonitus|7|0|10*
extra|affectus|3|0|10|Coll|adfectus|6|0|10
extra|affectus2|3|0|10|Coll|adfectus|6|0|10*
extra|aggestus|1|0|10|Coll|adgestus|5|0|10
extra|aggestus2|4|0|10|Coll|adgestus|5|0|10*
extra|aggressus|2|0|10|extra|adgressus|4|0|10
extra|aggressus2|2|0|10|extra|adgressus|4|0|10*
extra|allapsus|4|0|10|Coll|adlapsus|6|0|10
extra|allapsus2|4|0|10|Coll|adlapsus|6|0|10*
extra|allecto|7|0|10|extra|adlecto|6|0|10
extra|allecto2|5|0|10|extra|adlecto|6|0|10*
extra|allego|4|0|10|Coll|adlego2|7|0|10
extra|allego2|4|0|10|Coll|adlego2|7|0|10*
extra|allevo|3|0|10|Coll|adlevo|7|0|10
extra|allevo2|5|0|10|Coll|adlevo|7|0|10*
extra|appetitus|4|0|10|extra|adpetitus|2|0|10
extra|appetitus2|7|0|10|extra|adpetitus|2|0|10*
extra|appeto|8|0|10|Coll|adpeto|5|0|10
extra|appeto2|3|0|10|Coll|adpeto|5|0|10*
extra|appingo|7|0|10|extra|adpingo|2|0|10
extra|appingo2|4|0|10|extra|adpingo|2|0|10*
extra|applausus|4|0|10|extra|adplausus|1|0|10
extra|applausus2|3|0|10|extra|adplausus|1|0|10*
extra|appositus|7|0|10|extra|adpositus|2|0|10
extra|appositus2|4|0|10|extra|adpositus|2|0|10*
extra|appulsus|4|0|10|Coll|adpulsus|3|0|10
extra|appulsus2|7|0|10|Coll|adpulsus|3|0|10*
extra|arrigo|2|0|10|Coll|adrigo|7|0|10
extra|arrigo2|6|0|10|Coll|adrigo|7|0|10*
extra|ascitus|4|0|10|extra|adscitus|2|0|10
extra|ascitus2|1|0|10|extra|adscitus|2|0|10*
extra|aspersus|4|0|10|extra|adspersus|3|0|10
extra|aspersus2|4|0|10|extra|adspersus|3|0|10*
extra|assensus|3|0|10|Coll|adsensus|6|0|10
extra|assensus2|4|0|10|Coll|adsensus|6|0|10*
extra|assessus|2|0|10|extra|adsessus|4|0|10
extra|assessus2|3|0|10|extra|adsessus|4|0|10*
extra|assiduo|5|0|10|Coll|adsiduo|3|0|10
extra|assiduo2|4|0|10|Coll|adsiduo|3|0|10*
extra|assumptus|3|0|10|extra|adsumptus|3|0|10
extra|assumptus2|2|0|10|extra|adsumptus|3|0|10*
extra|attactus|3|0|10|extra|adtactus|1|0|10
extra|attactus2|5|0|10|extra|adtactus|1|0|10*
extra|attractus|4|0|10|extra|adtractus|2|0|10
extra|attractus2|3|0|10|extra|adtractus|2|0|10*
extra|attrectatus|2|0|10|extra|adtrectatus|2|0|10
extra|attrectatus2|5|0|10|extra|adtrectatus|2|0|10*
extra|attritus|5|0|10|extra|adtritus|2|0|10
extra|attritus2|4|0|10|extra|adtritus|2|0|10*
extra|collatus|4|0|10|extra|conlatus|2|0|10
extra|collatus2|3|0|10|extra|conlatus|2|0|10*
extra|collectus|5|0|10|extra|conlectus|3|0|10
extra|collectus2|5|0|10|extra|conlectus|3|0|10*
extra|collisus|4|0|10|extra|conlisus|1|0|10
extra|collisus2|5|0|10|extra|conlisus|1|0|10*
extra|comploratus|3|0|10|extra|conploratus|1|0|10
extra|comploratus2|6|0|10|extra|conploratus|1|0|10*
extra|conligo|4|0|10|Coll|colligo|7|0|10
extra|conligo2|4|0|10|Coll|colligo|7|0|10*
extra|exors|5|0|10|extra|exsors|8|0|10
extra|expatior|4|0|10|extra|exspatior|7|0|10
extra|expecto|5|0|10|Coll|exspecto|9|0|10
extra|expecto2|2|0|10|Coll|exspecto|9|0|10*
extra|expergo|5|0|10|extra|exspergo|5|0|10
extra|expergo2|2|0|10|extra|exspergo|5|0|10*
extra|exsecratus|6|0|10|extra|execratus|1|0|10
extra|exsecratus2|2|0|10|extra|execratus|1|0|10*
extra|illex|5|0|10|Coll|inlex|3|0|10
extra|illex2|5|0|10|Coll|inlex|3|0|10*
extra|illiberis|4|0|10|extra|inliberis|1|0|10
extra|illiberis2|1|0|10|extra|inliberis|1|0|10*
extra|imminutus|5|0|10|extra|inminutus|1|0|10
extra|imminutus2|2|0|10|extra|inminutus|1|0|10*
extra|imperatus|3|0|10|Coll|inperatus|2|0|10
extra|imperatus2|4|0|10|Coll|inperatus|2|0|10*
extra|imperiosus|7|0|10|extra|inperiosus|2|0|10
extra|imperiosus2|1|0|10|extra|inperiosus|2|0|10*
extra|implexus|5|0|10|extra|inplexus|1|0|10
extra|implexus2|4|0|10|extra|inplexus|1|0|10*
extra|impositus|5|0|10|extra|inpositus|1|0|10
extra|impositus2|3|0|10|extra|inpositus|1|0|10*
extra|inlapsus|2|0|10|extra|illapsus|3|0|10
extra|inlapsus2|2|0|10|extra|illapsus|3|0|10*
extra|inlisus|3|0|10|extra|illisus|4|0|10
extra|inlisus2|2|0|10|extra|illisus|4|0|10*
extra|inlitus|3|0|10|extra|illitus|4|0|10
extra|inlitus2|2|0|10|extra|illitus|4|0|10*
extra|inlustratus|1|0|10|extra|illustratus|3|0|10
extra|inlustratus2|1|0|10|extra|illustratus|3|0|10*
extra|inlutus|2|0|10|extra|illutus|4|0|10
extra|inrito|3|0|10|Coll|irrito|7|0|10
extra|inrito2|1|0|10|Coll|irrito|7|0|10*
extra|irrisus|4|0|10|Coll|inrisus|4|0|10
extra|irrisus2|6|0|10|Coll|inrisus|4|0|10*
extra|irritatus|4|0|10|extra|inritatus|1|0|10
extra|irritatus2|4|0|10|extra|inritatus|1|0|10*
extra|irruptus|5|0|10|extra|inruptus|3|0|10
extra|irruptus2|1|0|10|extra|inruptus|3|0|10*
extra|offerumenta|1|0|10|extra|obferumenta|1|0|10
extra|offerumenta2|2|0|10|extra|obferumenta|1|0|10*
extra|oppressus|3|0|10|extra|obpressus|1|0|10
extra|oppressus2|4|0|10|extra|obpressus|1|0|10*
extra|subministratus|2|0|10|extra|sumministratus|2|0|10
extra|subministratus2|4|0|10|extra|sumministratus|2|0|10*
extra|submissus|7|0|10|Coll|summissus|3|0|10
extra|submissus2|4|0|10|Coll|summissus|3|0|10*
extra|succenturio|6|0|10|extra|subcenturio|4|0|10
extra|succenturio2|4|0|10|extra|subcenturio|4|0|10*
extra|succinctus|5|0|10|extra|subcinctus|1|0|10
extra|succisivus|3|0|10|extra|subcisivus|3|0|10
extra|sufflatus|5|0|10|extra|subflatus|1|0|10
extra|sufflatus2|4|0|10|extra|subflatus|1|0|10*
extra|summersus|1|0|10|extra|submersus|4|0|10
extra|summuranum|1|0|10|extra|submuranum|2|0|10
extra|summuranum2|2|0|10|extra|submuranum|2|0|10*
extra|adfatus2|3|0|10|extra|affatus|3|0|10*
extra|adfectus2|5|0|10|extra|affectus|3|0|10*
extra|adflatus2|4|0|10|extra|afflatus|3|0|10*
extra|adgero2|2|0|10|Coll|aggero2|9|0|10*
extra|adgestus2|3|0|10|extra|aggestus|1|0|10*
extra|adlapsus2|4|0|10|extra|allapsus|4|0|10*
extra|adlevo2|4|0|10|extra|allevo|3|0|10*
extra|adpulsus2|2|0|10|extra|appulsus|4|0|10*
extra|adrigo2|3|0|10|extra|arrigo|2|0|10*
extra|adsensus2|4|0|10|extra|assensus|3|0|10*
extra|adsiduo2|3|0|10|extra|assiduo|5|0|10*
extra|afflictus2|2|0|10|extra|adflictus|5|0|10*
extra|aggero|8|0|10|Coll|adgero|6|0|10*
extra|allectus|2|0|10|extra|adlectus|4|0|10
extra|allectus2|2|0|10|extra|adlectus|4|0|10*
extra|ascensus2|4|0|10|extra|adscensus|2|0|10*
extra|ascio2|4|0|10|extra|adscio|2|0|10*
extra|aspargo2|3|0|10|extra|adspargo|2|0|10*
extra|aspectus2|3|0|10|extra|adspectus|3|0|10*
extra|aspergo2|6|0|10|extra|adspergo|2|0|10*
extra|assero2|4|0|10|extra|adsero|6|0|10*
extra|assum2|5|0|10|Coll|adsum|8|0|10*
extra|attentus2|3|0|10|extra|adtentus|3|0|10*
extra|attonitus2|2|0|10|extra|adtonitus|3|0|10*
extra|colligo2|7|0|10|extra|conligo|4|0|10*
extra|compes2|2|0|10|extra|conpes|1|0|10*
extra|compingo2|5|0|10|extra|conpingo|2|0|10*
extra|complures2|1|0|10|extra|conplures|1|0|10*
extra|exilio2|2|0|10|Coll|exsilio|9|0|10
extra|expolio2|4|0|10|extra|exspolio|8|0|10*
extra|immundus2|2|0|10|extra|inmundus|1|0|10*
extra|impensus2|4|0|10|extra|inpensus|1|0|10*
extra|impubes2|3|0|10|extra|inpubes|3|0|10*
extra|impulsus2|4|0|10|extra|inpulsus|1|0|10*
extra|inlectus|3|0|10|extra|illectus|5|0|10
extra|inlectus2|2|0|10|extra|illectus|5|0|10*
extra|inlex2|3|0|10|extra|illex|5|0|10*
extra|irrito2|5|0|10|extra|inrito|3|0|10*
extra|irrito3|3|0|10|extra|inrito|3|0|10*
extra|irritus2|2|0|10|extra|inritus|4|0|10*
extra|obsero2|8|0|10|extra|opsero|1|0|10*
extra|obsono2|4|0|10|extra|opsono|4|0|10*
extra|occido3|1|0|10|extra|obcido|1|0|10*
extra|occulto2|3|0|10|extra|obculto|1|0|10*
extra|ops2|5|0|10|extra|obs|2|0|10*
extra|ops3|2|0|10|extra|obs|2|0|10*
extra|succido|1|0|10|extra|subcido|2|0|10
extra|succido2|8|0|10|extra|subcido|2|0|10*
extra|succido3|6|0|10|extra|subcido|2|0|10*
extra|succubo|4|0|10|Coll|subcubo|3|0|10
extra|succubo2|2|0|10|Coll|subcubo|3|0|10*
extra|succubo3|2|0|10|Coll|subcubo|3|0|10*
extra|succussus2|4|0|10|extra|subcussus|1|0|10*
extra|suffundo2|1|0|10|extra|subfundo|4|0|10*
extra|suggestus2|5|0|10|extra|subgestus|1|0|10*
extra|summissus2|1|0|10|extra|submissus|7|0|10*
